faixa,bloco_validacao,quadro,temperatura,intensidade,calibracao,limiar,fator,classe,fracao_excluida,delta_e00
0,0,0,2700,0.4,sem,24.0,0.5,amarelo,0.0,24.301295278
0,0,0,2700,0.4,sem,24.0,0.5,azul,0.897289586305,42.7853562386
0,0,0,2700,0.4,sem,24.0,0.5,vermelho,0.0684931506849,12.997129716
0,0,0,2700,0.4,campo,24.0,0.5,amarelo,0.0,0.337918062992
0,0,0,2700,0.4,campo,24.0,0.5,azul,0.897289586305,0.271168225982
0,0,0,2700,0.4,campo,24.0,0.5,vermelho,0.0684931506849,0.264959475426
0,0,0,2700,1.0,sem,24.0,0.5,amarelo,1.0,
0,0,0,2700,1.0,sem,24.0,0.5,azul,0.897289586305,40.3064768656
0,0,0,2700,1.0,sem,24.0,0.5,vermelho,0.986301369863,20.2550899009
0,0,0,2700,1.0,campo,24.0,0.5,amarelo,1.0,
0,0,0,2700,1.0,campo,24.0,0.5,azul,0.897289586305,3.18599240098
0,0,0,2700,1.0,campo,24.0,0.5,vermelho,0.986301369863,3.71641540042
0,0,0,2700,1.5,sem,24.0,0.5,amarelo,1.0,
0,0,0,2700,1.5,sem,24.0,0.5,azul,0.897289586305,42.601832267
0,0,0,2700,1.5,sem,24.0,0.5,vermelho,1.0,
0,0,0,2700,1.5,campo,24.0,0.5,amarelo,1.0,
0,0,0,2700,1.5,campo,24.0,0.5,azul,0.897289586305,3.21010378724
0,0,0,2700,1.5,campo,24.0,0.5,vermelho,1.0,
0,0,0,3200,0.4,sem,24.0,0.5,amarelo,0.0,21.9890923035
0,0,0,3200,0.4,sem,24.0,0.5,azul,0.897289586305,34.783106534
0,0,0,3200,0.4,sem,24.0,0.5,vermelho,0.0684931506849,13.0758183555
0,0,0,3200,0.4,campo,24.0,0.5,amarelo,0.0,0.415562937109
0,0,0,3200,0.4,campo,24.0,0.5,azul,0.897289586305,0.28440255755
0,0,0,3200,0.4,campo,24.0,0.5,vermelho,0.0684931506849,0.46360760641
0,0,0,3200,1.0,sem,24.0,0.5,amarelo,1.0,
0,0,0,3200,1.0,sem,24.0,0.5,azul,0.897289586305,28.5891051879
0,0,0,3200,1.0,sem,24.0,0.5,vermelho,0.986301369863,15.4165887576
0,0,0,3200,1.0,campo,24.0,0.5,amarelo,1.0,
0,0,0,3200,1.0,campo,24.0,0.5,azul,0.897289586305,0.867749905922
0,0,0,3200,1.0,campo,24.0,0.5,vermelho,0.986301369863,0.661720806915
0,0,0,3200,1.5,sem,24.0,0.5,amarelo,1.0,
0,0,0,3200,1.5,sem,24.0,0.5,azul,0.897289586305,30.3405238497
0,0,0,3200,1.5,sem,24.0,0.5,vermelho,1.0,
0,0,0,3200,1.5,campo,24.0,0.5,amarelo,1.0,
0,0,0,3200,1.5,campo,24.0,0.5,azul,0.897289586305,3.81632779103
0,0,0,3200,1.5,campo,24.0,0.5,vermelho,1.0,
0,0,0,3800,0.4,sem,24.0,0.5,amarelo,0.0,20.5177463292
0,0,0,3800,0.4,sem,24.0,0.5,azul,0.897289586305,28.2433875037
0,0,0,3800,0.4,sem,24.0,0.5,vermelho,0.0684931506849,13.9972680762
0,0,0,3800,0.4,campo,24.0,0.5,amarelo,0.0,0.346845878934
0,0,0,3800,0.4,campo,24.0,0.5,azul,0.897289586305,0.182686076364
0,0,0,3800,0.4,campo,24.0,0.5,vermelho,0.0684931506849,0.416883558434
0,0,0,3800,1.0,sem,24.0,0.5,amarelo,0.997347480106,12.7367936518
0,0,0,3800,1.0,sem,24.0,0.5,azul,0.897289586305,18.2713413025
0,0,0,3800,1.0,sem,24.0,0.5,vermelho,0.972602739726,11.6563109046
0,0,0,3800,1.0,campo,24.0,0.5,amarelo,0.997347480106,0.29179502872
0,0,0,3800,1.0,campo,24.0,0.5,azul,0.897289586305,0.14473859895
0,0,0,3800,1.0,campo,24.0,0.5,vermelho,0.972602739726,0.386762887624
0,0,0,3800,1.5,sem,24.0,0.5,amarelo,1.0,
0,0,0,3800,1.5,sem,24.0,0.5,azul,0.897289586305,19.7102978125
0,0,0,3800,1.5,sem,24.0,0.5,vermelho,0.986301369863,17.9404194867
0,0,0,3800,1.5,campo,24.0,0.5,amarelo,1.0,
0,0,0,3800,1.5,campo,24.0,0.5,azul,0.897289586305,3.26550503189
0,0,0,3800,1.5,campo,24.0,0.5,vermelho,0.986301369863,4.03880314957
0,0,200,2700,0.4,sem,24.0,0.5,amarelo,0.0,24.3249460862
0,0,200,2700,0.4,sem,24.0,0.5,azul,0.911554921541,42.7497204037
0,0,200,2700,0.4,sem,24.0,0.5,vermelho,0.0958904109589,12.9453694832
0,0,200,2700,0.4,campo,24.0,0.5,amarelo,0.0,0.337545604507
0,0,200,2700,0.4,campo,24.0,0.5,azul,0.911554921541,0.27739283525
0,0,200,2700,0.4,campo,24.0,0.5,vermelho,0.0958904109589,0.301278075362
0,0,200,2700,1.0,sem,24.0,0.5,amarelo,1.0,
0,0,200,2700,1.0,sem,24.0,0.5,azul,0.911554921541,40.3545969056
0,0,200,2700,1.0,sem,24.0,0.5,vermelho,0.986301369863,21.2992821715
0,0,200,2700,1.0,campo,24.0,0.5,amarelo,1.0,
0,0,200,2700,1.0,campo,24.0,0.5,azul,0.911554921541,2.90944859937
0,0,200,2700,1.0,campo,24.0,0.5,vermelho,0.986301369863,3.94200687389
0,0,200,2700,1.5,sem,24.0,0.5,amarelo,1.0,
0,0,200,2700,1.5,sem,24.0,0.5,azul,0.911554921541,42.6313881916
0,0,200,2700,1.5,sem,24.0,0.5,vermelho,1.0,
0,0,200,2700,1.5,campo,24.0,0.5,amarelo,1.0,
0,0,200,2700,1.5,campo,24.0,0.5,azul,0.911554921541,3.11201060751
0,0,200,2700,1.5,campo,24.0,0.5,vermelho,1.0,
0,0,200,3200,0.4,sem,24.0,0.5,amarelo,0.0,21.9927477276
0,0,200,3200,0.4,sem,24.0,0.5,azul,0.911554921541,34.8021842965
0,0,200,3200,0.4,sem,24.0,0.5,vermelho,0.0958904109589,12.9978719695
0,0,200,3200,0.4,campo,24.0,0.5,amarelo,0.0,0.409445935635
0,0,200,3200,0.4,campo,24.0,0.5,azul,0.911554921541,0.282181637925
0,0,200,3200,0.4,campo,24.0,0.5,vermelho,0.0958904109589,0.576720148464
0,0,200,3200,1.0,sem,24.0,0.5,amarelo,1.0,
0,0,200,3200,1.0,sem,24.0,0.5,azul,0.911554921541,28.7448002076
0,0,200,3200,1.0,sem,24.0,0.5,vermelho,0.986301369863,16.1318027496
0,0,200,3200,1.0,campo,24.0,0.5,amarelo,1.0,
0,0,200,3200,1.0,campo,24.0,0.5,azul,0.911554921541,0.853429642694
0,0,200,3200,1.0,campo,24.0,0.5,vermelho,0.986301369863,0.82426231151
0,0,200,3200,1.5,sem,24.0,0.5,amarelo,1.0,
0,0,200,3200,1.5,sem,24.0,0.5,azul,0.911554921541,30.4451091593
0,0,200,3200,1.5,sem,24.0,0.5,vermelho,1.0,
0,0,200,3200,1.5,campo,24.0,0.5,amarelo,1.0,
0,0,200,3200,1.5,campo,24.0,0.5,azul,0.911554921541,3.81313330945
0,0,200,3200,1.5,campo,24.0,0.5,vermelho,1.0,
0,0,200,3800,0.4,sem,24.0,0.5,amarelo,0.0,20.5186895215
0,0,200,3800,0.4,sem,24.0,0.5,azul,0.911554921541,28.3564340356
0,0,200,3800,0.4,sem,24.0,0.5,vermelho,0.0958904109589,13.9584470183
0,0,200,3800,0.4,campo,24.0,0.5,amarelo,0.0,0.338665861055
0,0,200,3800,0.4,campo,24.0,0.5,azul,0.911554921541,0.264450619598
0,0,200,3800,0.4,campo,24.0,0.5,vermelho,0.0958904109589,0.525838001298
0,0,200,3800,1.0,sem,24.0,0.5,amarelo,0.997347480106,12.9244161614
0,0,200,3800,1.0,sem,24.0,0.5,azul,0.911554921541,18.4499856371
0,0,200,3800,1.0,sem,24.0,0.5,vermelho,0.958904109589,12.7412062512
0,0,200,3800,1.0,campo,24.0,0.5,amarelo,0.997347480106,0.0
0,0,200,3800,1.0,campo,24.0,0.5,azul,0.911554921541,0.162897943539
0,0,200,3800,1.0,campo,24.0,0.5,vermelho,0.958904109589,0.293580390701
0,0,200,3800,1.5,sem,24.0,0.5,amarelo,1.0,
0,0,200,3800,1.5,sem,24.0,0.5,azul,0.911554921541,20.0993396219
0,0,200,3800,1.5,sem,24.0,0.5,vermelho,0.986301369863,18.8581147093
0,0,200,3800,1.5,campo,24.0,0.5,amarelo,1.0,
0,0,200,3800,1.5,campo,24.0,0.5,azul,0.911554921541,3.28396866606
0,0,200,3800,1.5,campo,24.0,0.5,vermelho,0.986301369863,3.72302343288
0,0,400,2700,0.4,sem,24.0,0.5,amarelo,0.0,24.3249460862
0,0,400,2700,0.4,sem,24.0,0.5,azul,0.902995720399,42.7635242295
0,0,400,2700,0.4,sem,24.0,0.5,vermelho,0.027397260274,12.7122636056
0,0,400,2700,0.4,campo,24.0,0.5,amarelo,0.0,0.344344695963
0,0,400,2700,0.4,campo,24.0,0.5,azul,0.902995720399,0.237750140088
0,0,400,2700,0.4,campo,24.0,0.5,vermelho,0.027397260274,0.243910845362
0,0,400,2700,1.0,sem,24.0,0.5,amarelo,1.0,
0,0,400,2700,1.0,sem,24.0,0.5,azul,0.902995720399,40.2919290598
0,0,400,2700,1.0,sem,24.0,0.5,vermelho,0.986301369863,20.2168259834
0,0,400,2700,1.0,campo,24.0,0.5,amarelo,1.0,
0,0,400,2700,1.0,campo,24.0,0.5,azul,0.902995720399,3.22482898116
0,0,400,2700,1.0,campo,24.0,0.5,vermelho,0.986301369863,3.66229594973
0,0,400,2700,1.5,sem,24.0,0.5,amarelo,1.0,
0,0,400,2700,1.5,sem,24.0,0.5,azul,0.902995720399,42.8192191074
0,0,400,2700,1.5,sem,24.0,0.5,vermelho,1.0,
0,0,400,2700,1.5,campo,24.0,0.5,amarelo,1.0,
0,0,400,2700,1.5,campo,24.0,0.5,azul,0.902995720399,3.31712451498
0,0,400,2700,1.5,campo,24.0,0.5,vermelho,1.0,
0,0,400,3200,0.4,sem,24.0,0.5,amarelo,0.0,22.0094357447
0,0,400,3200,0.4,sem,24.0,0.5,azul,0.902995720399,34.7455818157
0,0,400,3200,0.4,sem,24.0,0.5,vermelho,0.027397260274,12.9102644685
0,0,400,3200,0.4,campo,24.0,0.5,amarelo,0.0,0.416104321155
0,0,400,3200,0.4,campo,24.0,0.5,azul,0.902995720399,0.195132328257
0,0,400,3200,0.4,campo,24.0,0.5,vermelho,0.027397260274,0.463565051948
0,0,400,3200,1.0,sem,24.0,0.5,amarelo,1.0,
0,0,400,3200,1.0,sem,24.0,0.5,azul,0.902995720399,28.5339894942
0,0,400,3200,1.0,sem,24.0,0.5,vermelho,0.986301369863,15.3941552943
0,0,400,3200,1.0,campo,24.0,0.5,amarelo,1.0,
0,0,400,3200,1.0,campo,24.0,0.5,azul,0.902995720399,0.863390196126
0,0,400,3200,1.0,campo,24.0,0.5,vermelho,0.986301369863,0.87530698141
0,0,400,3200,1.5,sem,24.0,0.5,amarelo,1.0,
0,0,400,3200,1.5,sem,24.0,0.5,azul,0.902995720399,29.9718453984
0,0,400,3200,1.5,sem,24.0,0.5,vermelho,1.0,
0,0,400,3200,1.5,campo,24.0,0.5,amarelo,1.0,
0,0,400,3200,1.5,campo,24.0,0.5,azul,0.902995720399,3.80771598782
0,0,400,3200,1.5,campo,24.0,0.5,vermelho,1.0,
0,0,400,3800,0.4,sem,24.0,0.5,amarelo,0.0,20.5498005908
0,0,400,3800,0.4,sem,24.0,0.5,azul,0.902995720399,28.3709008861
0,0,400,3800,0.4,sem,24.0,0.5,vermelho,0.027397260274,13.9137345872
0,0,400,3800,0.4,campo,24.0,0.5,amarelo,0.0,0.349020828745
0,0,400,3800,0.4,campo,24.0,0.5,azul,0.902995720399,0.110364533556
0,0,400,3800,0.4,campo,24.0,0.5,vermelho,0.027397260274,0.421726282339
0,0,400,3800,1.0,sem,24.0,0.5,amarelo,0.997347480106,13.011481293
0,0,400,3800,1.0,sem,24.0,0.5,azul,0.902995720399,18.3505737959
0,0,400,3800,1.0,sem,24.0,0.5,vermelho,0.945205479452,11.7096680656
0,0,400,3800,1.0,campo,24.0,0.5,amarelo,0.997347480106,0.0
0,0,400,3800,1.0,campo,24.0,0.5,azul,0.902995720399,0.156155310439
0,0,400,3800,1.0,campo,24.0,0.5,vermelho,0.945205479452,0.461786775351
0,0,400,3800,1.5,sem,24.0,0.5,amarelo,1.0,
0,0,400,3800,1.5,sem,24.0,0.5,azul,0.902995720399,19.8125154467
0,0,400,3800,1.5,sem,24.0,0.5,vermelho,0.986301369863,18.2019538378
0,0,400,3800,1.5,campo,24.0,0.5,amarelo,1.0,
0,0,400,3800,1.5,campo,24.0,0.5,azul,0.902995720399,3.30512888028
0,0,400,3800,1.5,campo,24.0,0.5,vermelho,0.986301369863,4.17725312954
0,0,600,2700,0.4,sem,24.0,0.5,amarelo,0.0,24.3295419518
0,0,600,2700,0.4,sem,24.0,0.5,azul,0.904422253923,42.6056415997
0,0,600,2700,0.4,sem,24.0,0.5,vermelho,0.013698630137,12.2578153343
0,0,600,2700,0.4,campo,24.0,0.5,amarelo,0.0,0.332601806935
0,0,600,2700,0.4,campo,24.0,0.5,azul,0.904422253923,0.27878724288
0,0,600,2700,0.4,campo,24.0,0.5,vermelho,0.013698630137,0.261069237081
0,0,600,2700,1.0,sem,24.0,0.5,amarelo,1.0,
0,0,600,2700,1.0,sem,24.0,0.5,azul,0.904422253923,39.9150885356
0,0,600,2700,1.0,sem,24.0,0.5,vermelho,0.986301369863,20.1576368322
0,0,600,2700,1.0,campo,24.0,0.5,amarelo,1.0,
0,0,600,2700,1.0,campo,24.0,0.5,azul,0.904422253923,3.0089276554
0,0,600,2700,1.0,campo,24.0,0.5,vermelho,0.986301369863,4.23677869334
0,0,600,2700,1.5,sem,24.0,0.5,amarelo,1.0,
0,0,600,2700,1.5,sem,24.0,0.5,azul,0.904422253923,42.1308823041
0,0,600,2700,1.5,sem,24.0,0.5,vermelho,1.0,
0,0,600,2700,1.5,campo,24.0,0.5,amarelo,1.0,
0,0,600,2700,1.5,campo,24.0,0.5,azul,0.904422253923,3.03199691387
0,0,600,2700,1.5,campo,24.0,0.5,vermelho,1.0,
0,0,600,3200,0.4,sem,24.0,0.5,amarelo,0.0,22.0048063811
0,0,600,3200,0.4,sem,24.0,0.5,azul,0.904422253923,34.8564641426
0,0,600,3200,0.4,sem,24.0,0.5,vermelho,0.013698630137,12.6665149701
0,0,600,3200,0.4,campo,24.0,0.5,amarelo,0.0,0.337409221268
0,0,600,3200,0.4,campo,24.0,0.5,azul,0.904422253923,0.283082007499
0,0,600,3200,0.4,campo,24.0,0.5,vermelho,0.013698630137,0.209683400988
0,0,600,3200,1.0,sem,24.0,0.5,amarelo,1.0,
0,0,600,3200,1.0,sem,24.0,0.5,azul,0.904422253923,28.7735135865
0,0,600,3200,1.0,sem,24.0,0.5,vermelho,0.986301369863,15.2809906819
0,0,600,3200,1.0,campo,24.0,0.5,amarelo,1.0,
0,0,600,3200,1.0,campo,24.0,0.5,azul,0.904422253923,0.85286190846
0,0,600,3200,1.0,campo,24.0,0.5,vermelho,0.986301369863,0.993740447202
0,0,600,3200,1.5,sem,24.0,0.5,amarelo,1.0,
0,0,600,3200,1.5,sem,24.0,0.5,azul,0.904422253923,30.4412613806
0,0,600,3200,1.5,sem,24.0,0.5,vermelho,1.0,
0,0,600,3200,1.5,campo,24.0,0.5,amarelo,1.0,
0,0,600,3200,1.5,campo,24.0,0.5,azul,0.904422253923,3.86825452297
0,0,600,3200,1.5,campo,24.0,0.5,vermelho,1.0,
0,0,600,3800,0.4,sem,24.0,0.5,amarelo,0.0,20.545838736
0,0,600,3800,0.4,sem,24.0,0.5,azul,0.904422253923,28.4862048506
0,0,600,3800,0.4,sem,24.0,0.5,vermelho,0.013698630137,13.8192016367
0,0,600,3800,0.4,campo,24.0,0.5,amarelo,0.0,0.271519527795
0,0,600,3800,0.4,campo,24.0,0.5,azul,0.904422253923,0.277821004589
0,0,600,3800,0.4,campo,24.0,0.5,vermelho,0.013698630137,0.212020433291
0,0,600,3800,1.0,sem,24.0,0.5,amarelo,0.989389920424,12.7496027246
0,0,600,3800,1.0,sem,24.0,0.5,azul,0.904422253923,18.6800419747
0,0,600,3800,1.0,sem,24.0,0.5,vermelho,0.958904109589,11.9277557262
0,0,600,3800,1.0,campo,24.0,0.5,amarelo,0.989389920424,0.0980076323752
0,0,600,3800,1.0,campo,24.0,0.5,azul,0.904422253923,0.126920671356
0,0,600,3800,1.0,campo,24.0,0.5,vermelho,0.958904109589,0.22127777236
0,0,600,3800,1.5,sem,24.0,0.5,amarelo,1.0,
0,0,600,3800,1.5,sem,24.0,0.5,azul,0.904422253923,20.1202182086
0,0,600,3800,1.5,sem,24.0,0.5,vermelho,0.986301369863,18.4239341287
0,0,600,3800,1.5,campo,24.0,0.5,amarelo,1.0,
0,0,600,3800,1.5,campo,24.0,0.5,azul,0.904422253923,3.37275448204
0,0,600,3800,1.5,campo,24.0,0.5,vermelho,0.986301369863,4.24132914267
0,0,800,2700,0.4,sem,24.0,0.5,amarelo,0.0,24.3423753533
0,0,800,2700,0.4,sem,24.0,0.5,azul,0.904422253923,42.7992494863
0,0,800,2700,0.4,sem,24.0,0.5,vermelho,0.123287671233,12.6445286469
0,0,800,2700,0.4,campo,24.0,0.5,amarelo,0.0,0.349020828745
0,0,800,2700,0.4,campo,24.0,0.5,azul,0.904422253923,0.2487652714
0,0,800,2700,0.4,campo,24.0,0.5,vermelho,0.123287671233,0.24024532062
0,0,800,2700,1.0,sem,24.0,0.5,amarelo,1.0,
0,0,800,2700,1.0,sem,24.0,0.5,azul,0.904422253923,40.258932338
0,0,800,2700,1.0,sem,24.0,0.5,vermelho,0.986301369863,19.4923333159
0,0,800,2700,1.0,campo,24.0,0.5,amarelo,1.0,
0,0,800,2700,1.0,campo,24.0,0.5,azul,0.904422253923,3.21906159544
0,0,800,2700,1.0,campo,24.0,0.5,vermelho,0.986301369863,3.63553273996
0,0,800,2700,1.5,sem,24.0,0.5,amarelo,1.0,
0,0,800,2700,1.5,sem,24.0,0.5,azul,0.904422253923,42.6428340093
0,0,800,2700,1.5,sem,24.0,0.5,vermelho,1.0,
0,0,800,2700,1.5,campo,24.0,0.5,amarelo,1.0,
0,0,800,2700,1.5,campo,24.0,0.5,azul,0.904422253923,3.29644603209
0,0,800,2700,1.5,campo,24.0,0.5,vermelho,1.0,
0,0,800,3200,0.4,sem,24.0,0.5,amarelo,0.0,22.0263216476
0,0,800,3200,0.4,sem,24.0,0.5,azul,0.904422253923,34.7242540135
0,0,800,3200,0.4,sem,24.0,0.5,vermelho,0.123287671233,12.8338818937
0,0,800,3200,0.4,campo,24.0,0.5,amarelo,0.0,0.416358491219
0,0,800,3200,0.4,campo,24.0,0.5,azul,0.904422253923,0.227735640312
0,0,800,3200,0.4,campo,24.0,0.5,vermelho,0.123287671233,0.460704526355
0,0,800,3200,1.0,sem,24.0,0.5,amarelo,1.0,
0,0,800,3200,1.0,sem,24.0,0.5,azul,0.904422253923,28.6396938359
0,0,800,3200,1.0,sem,24.0,0.5,vermelho,0.986301369863,14.8474724045
0,0,800,3200,1.0,campo,24.0,0.5,amarelo,1.0,
0,0,800,3200,1.0,campo,24.0,0.5,azul,0.904422253923,0.868277666045
0,0,800,3200,1.0,campo,24.0,0.5,vermelho,0.986301369863,0.65937331418
0,0,800,3200,1.5,sem,24.0,0.5,amarelo,1.0,
0,0,800,3200,1.5,sem,24.0,0.5,azul,0.904422253923,30.2214843832
0,0,800,3200,1.5,sem,24.0,0.5,vermelho,1.0,
0,0,800,3200,1.5,campo,24.0,0.5,amarelo,1.0,
0,0,800,3200,1.5,campo,24.0,0.5,azul,0.904422253923,3.79908108775
0,0,800,3200,1.5,campo,24.0,0.5,vermelho,1.0,
0,0,800,3800,0.4,sem,24.0,0.5,amarelo,0.0,20.5623964111
0,0,800,3800,0.4,sem,24.0,0.5,azul,0.904422253923,28.439369963
0,0,800,3800,0.4,sem,24.0,0.5,vermelho,0.123287671233,13.8201939758
0,0,800,3800,0.4,campo,24.0,0.5,amarelo,0.0,0.349258044351
0,0,800,3800,0.4,campo,24.0,0.5,azul,0.904422253923,0.164648962387
0,0,800,3800,0.4,campo,24.0,0.5,vermelho,0.123287671233,0.417153812931
0,0,800,3800,1.0,sem,24.0,0.5,amarelo,0.994694960212,12.5572495558
0,0,800,3800,1.0,sem,24.0,0.5,azul,0.904422253923,18.5433241082
0,0,800,3800,1.0,sem,24.0,0.5,vermelho,0.972602739726,11.3573549967
0,0,800,3800,1.0,campo,24.0,0.5,amarelo,0.994694960212,0.0
0,0,800,3800,1.0,campo,24.0,0.5,azul,0.904422253923,0.152884959148
0,0,800,3800,1.0,campo,24.0,0.5,vermelho,0.972602739726,0.517657075598
0,0,800,3800,1.5,sem,24.0,0.5,amarelo,1.0,
0,0,800,3800,1.5,sem,24.0,0.5,azul,0.904422253923,19.953436119
0,0,800,3800,1.5,sem,24.0,0.5,vermelho,0.986301369863,17.6905055038
0,0,800,3800,1.5,campo,24.0,0.5,amarelo,1.0,
0,0,800,3800,1.5,campo,24.0,0.5,azul,0.904422253923,3.3072851316
0,0,800,3800,1.5,campo,24.0,0.5,vermelho,0.986301369863,3.8480480489
0,1,0,2700,0.4,sem,24.0,0.5,amarelo,0.0,24.3263511152
0,1,0,2700,0.4,sem,24.0,0.5,azul,0.896551724138,42.7274592721
0,1,0,2700,0.4,sem,24.0,0.5,vermelho,0.21875,11.547625614
0,1,0,2700,0.4,campo,24.0,0.5,amarelo,0.0,0.344531208935
0,1,0,2700,0.4,campo,24.0,0.5,azul,0.896551724138,0.272571866596
0,1,0,2700,0.4,campo,24.0,0.5,vermelho,0.21875,0.210466596594
0,1,0,2700,1.0,sem,24.0,0.5,amarelo,1.0,
0,1,0,2700,1.0,sem,24.0,0.5,azul,0.896551724138,40.0027238131
0,1,0,2700,1.0,sem,24.0,0.5,vermelho,1.0,
0,1,0,2700,1.0,campo,24.0,0.5,amarelo,1.0,
0,1,0,2700,1.0,campo,24.0,0.5,azul,0.896551724138,3.38274421967
0,1,0,2700,1.0,campo,24.0,0.5,vermelho,1.0,
0,1,0,2700,1.5,sem,24.0,0.5,amarelo,1.0,
0,1,0,2700,1.5,sem,24.0,0.5,azul,0.896551724138,42.1793893268
0,1,0,2700,1.5,sem,24.0,0.5,vermelho,1.0,
0,1,0,2700,1.5,campo,24.0,0.5,amarelo,1.0,
0,1,0,2700,1.5,campo,24.0,0.5,azul,0.896551724138,2.81093642044
0,1,0,2700,1.5,campo,24.0,0.5,vermelho,1.0,
0,1,0,3200,0.4,sem,24.0,0.5,amarelo,0.0,21.9778299379
0,1,0,3200,0.4,sem,24.0,0.5,azul,0.896551724138,34.8851953597
0,1,0,3200,0.4,sem,24.0,0.5,vermelho,0.21875,12.3418848808
0,1,0,3200,0.4,campo,24.0,0.5,amarelo,0.0,0.420257340175
0,1,0,3200,0.4,campo,24.0,0.5,azul,0.896551724138,0.291327851896
0,1,0,3200,0.4,campo,24.0,0.5,vermelho,0.21875,0.467213976891
0,1,0,3200,1.0,sem,24.0,0.5,amarelo,0.997435897436,17.460356208
0,1,0,3200,1.0,sem,24.0,0.5,azul,0.896551724138,29.0254049965
0,1,0,3200,1.0,sem,24.0,0.5,vermelho,1.0,
0,1,0,3200,1.0,campo,24.0,0.5,amarelo,0.997435897436,0.833061306149
0,1,0,3200,1.0,campo,24.0,0.5,azul,0.896551724138,0.88047677922
0,1,0,3200,1.0,campo,24.0,0.5,vermelho,1.0,
0,1,0,3200,1.5,sem,24.0,0.5,amarelo,1.0,
0,1,0,3200,1.5,sem,24.0,0.5,azul,0.896551724138,30.7618186484
0,1,0,3200,1.5,sem,24.0,0.5,vermelho,1.0,
0,1,0,3200,1.5,campo,24.0,0.5,amarelo,1.0,
0,1,0,3200,1.5,campo,24.0,0.5,azul,0.896551724138,3.83200862074
0,1,0,3200,1.5,campo,24.0,0.5,vermelho,1.0,
0,1,0,3800,0.4,sem,24.0,0.5,amarelo,0.0,20.5320624275
0,1,0,3800,0.4,sem,24.0,0.5,azul,0.896551724138,28.6796432914
0,1,0,3800,0.4,sem,24.0,0.5,vermelho,0.21875,13.7702191372
0,1,0,3800,0.4,campo,24.0,0.5,amarelo,0.0,0.341711619385
0,1,0,3800,0.4,campo,24.0,0.5,azul,0.896551724138,0.19324110025
0,1,0,3800,0.4,campo,24.0,0.5,vermelho,0.21875,0.448491641852
0,1,0,3800,1.0,sem,24.0,0.5,amarelo,0.932051282051,12.7966803285
0,1,0,3800,1.0,sem,24.0,0.5,azul,0.896551724138,19.0355008069
0,1,0,3800,1.0,sem,24.0,0.5,vermelho,0.96875,10.4613582986
0,1,0,3800,1.0,campo,24.0,0.5,amarelo,0.932051282051,0.0
0,1,0,3800,1.0,campo,24.0,0.5,azul,0.896551724138,0.185952939435
0,1,0,3800,1.0,campo,24.0,0.5,vermelho,0.96875,0.441792800479
0,1,0,3800,1.5,sem,24.0,0.5,amarelo,1.0,
0,1,0,3800,1.5,sem,24.0,0.5,azul,0.896551724138,20.8021680725
0,1,0,3800,1.5,sem,24.0,0.5,vermelho,1.0,
0,1,0,3800,1.5,campo,24.0,0.5,amarelo,1.0,
0,1,0,3800,1.5,campo,24.0,0.5,azul,0.896551724138,3.42686325314
0,1,0,3800,1.5,campo,24.0,0.5,vermelho,1.0,
0,1,200,2700,0.4,sem,24.0,0.5,amarelo,0.0,24.3137500074
0,1,200,2700,0.4,sem,24.0,0.5,azul,0.892720306513,42.7675764097
0,1,200,2700,0.4,sem,24.0,0.5,vermelho,0.1875,11.8040982428
0,1,200,2700,0.4,campo,24.0,0.5,amarelo,0.0,0.33055940164
0,1,200,2700,0.4,campo,24.0,0.5,azul,0.892720306513,0.28520312436
0,1,200,2700,0.4,campo,24.0,0.5,vermelho,0.1875,0.270560103836
0,1,200,2700,1.0,sem,24.0,0.5,amarelo,1.0,
0,1,200,2700,1.0,sem,24.0,0.5,azul,0.892720306513,40.2771994021
0,1,200,2700,1.0,sem,24.0,0.5,vermelho,1.0,
0,1,200,2700,1.0,campo,24.0,0.5,amarelo,1.0,
0,1,200,2700,1.0,campo,24.0,0.5,azul,0.892720306513,3.10611208254
0,1,200,2700,1.0,campo,24.0,0.5,vermelho,1.0,
0,1,200,2700,1.5,sem,24.0,0.5,amarelo,1.0,
0,1,200,2700,1.5,sem,24.0,0.5,azul,0.892720306513,42.5527793855
0,1,200,2700,1.5,sem,24.0,0.5,vermelho,1.0,
0,1,200,2700,1.5,campo,24.0,0.5,amarelo,1.0,
0,1,200,2700,1.5,campo,24.0,0.5,azul,0.892720306513,2.76730614291
0,1,200,2700,1.5,campo,24.0,0.5,vermelho,1.0,
0,1,200,3200,0.4,sem,24.0,0.5,amarelo,0.0,21.9870440367
0,1,200,3200,0.4,sem,24.0,0.5,azul,0.892720306513,34.9959902881
0,1,200,3200,0.4,sem,24.0,0.5,vermelho,0.1875,12.5605484568
0,1,200,3200,0.4,campo,24.0,0.5,amarelo,0.0,0.37058279328
0,1,200,3200,0.4,campo,24.0,0.5,azul,0.892720306513,0.291431970272
0,1,200,3200,0.4,campo,24.0,0.5,vermelho,0.1875,0.728548223213
0,1,200,3200,1.0,sem,24.0,0.5,amarelo,0.996153846154,17.4062524752
0,1,200,3200,1.0,sem,24.0,0.5,azul,0.892720306513,29.1246725062
0,1,200,3200,1.0,sem,24.0,0.5,vermelho,1.0,
0,1,200,3200,1.0,campo,24.0,0.5,amarelo,0.996153846154,0.9041067141
0,1,200,3200,1.0,campo,24.0,0.5,azul,0.892720306513,0.857479567755
0,1,200,3200,1.0,campo,24.0,0.5,vermelho,1.0,
0,1,200,3200,1.5,sem,24.0,0.5,amarelo,1.0,
0,1,200,3200,1.5,sem,24.0,0.5,azul,0.892720306513,30.891614559
0,1,200,3200,1.5,sem,24.0,0.5,vermelho,1.0,
0,1,200,3200,1.5,campo,24.0,0.5,amarelo,1.0,
0,1,200,3200,1.5,campo,24.0,0.5,azul,0.892720306513,3.88656580616
0,1,200,3200,1.5,campo,24.0,0.5,vermelho,1.0,
0,1,200,3800,0.4,sem,24.0,0.5,amarelo,0.0,20.5176480148
0,1,200,3800,0.4,sem,24.0,0.5,azul,0.892720306513,28.6864968765
0,1,200,3800,0.4,sem,24.0,0.5,vermelho,0.1875,13.5667216307
0,1,200,3800,0.4,campo,24.0,0.5,amarelo,0.0,0.330072165754
0,1,200,3800,0.4,campo,24.0,0.5,azul,0.892720306513,0.284651378352
0,1,200,3800,0.4,campo,24.0,0.5,vermelho,0.1875,0.577846984515
0,1,200,3800,1.0,sem,24.0,0.5,amarelo,0.934615384615,12.8401593553
0,1,200,3800,1.0,sem,24.0,0.5,azul,0.892720306513,19.0403448647
0,1,200,3800,1.0,sem,24.0,0.5,vermelho,0.96875,10.9333185828
0,1,200,3800,1.0,campo,24.0,0.5,amarelo,0.934615384615,0.0
0,1,200,3800,1.0,campo,24.0,0.5,azul,0.892720306513,0.182394495133
0,1,200,3800,1.0,campo,24.0,0.5,vermelho,0.96875,0.593732995334
0,1,200,3800,1.5,sem,24.0,0.5,amarelo,1.0,
0,1,200,3800,1.5,sem,24.0,0.5,azul,0.892720306513,20.8417779276
0,1,200,3800,1.5,sem,24.0,0.5,vermelho,1.0,
0,1,200,3800,1.5,campo,24.0,0.5,amarelo,1.0,
0,1,200,3800,1.5,campo,24.0,0.5,azul,0.892720306513,3.4485902823
0,1,200,3800,1.5,campo,24.0,0.5,vermelho,1.0,
0,1,400,2700,0.4,sem,24.0,0.5,amarelo,0.0,24.315759104
0,1,400,2700,0.4,sem,24.0,0.5,azul,0.892720306513,42.7994390354
0,1,400,2700,0.4,sem,24.0,0.5,vermelho,0.15625,11.8484178954
0,1,400,2700,0.4,campo,24.0,0.5,amarelo,0.0,0.340156198179
0,1,400,2700,0.4,campo,24.0,0.5,azul,0.892720306513,0.200850343259
0,1,400,2700,0.4,campo,24.0,0.5,vermelho,0.15625,0.238740855319
0,1,400,2700,1.0,sem,24.0,0.5,amarelo,1.0,
0,1,400,2700,1.0,sem,24.0,0.5,azul,0.892720306513,40.327924695
0,1,400,2700,1.0,sem,24.0,0.5,vermelho,1.0,
0,1,400,2700,1.0,campo,24.0,0.5,amarelo,1.0,
0,1,400,2700,1.0,campo,24.0,0.5,azul,0.892720306513,3.30873065373
0,1,400,2700,1.0,campo,24.0,0.5,vermelho,1.0,
0,1,400,2700,1.5,sem,24.0,0.5,amarelo,1.0,
0,1,400,2700,1.5,sem,24.0,0.5,azul,0.892720306513,42.465713632
0,1,400,2700,1.5,sem,24.0,0.5,vermelho,1.0,
0,1,400,2700,1.5,campo,24.0,0.5,amarelo,1.0,
0,1,400,2700,1.5,campo,24.0,0.5,azul,0.892720306513,3.13265260328
0,1,400,2700,1.5,campo,24.0,0.5,vermelho,1.0,
0,1,400,3200,0.4,sem,24.0,0.5,amarelo,0.0,21.9870440367
0,1,400,3200,0.4,sem,24.0,0.5,azul,0.892720306513,34.9264617097
0,1,400,3200,0.4,sem,24.0,0.5,vermelho,0.15625,12.6315963569
0,1,400,3200,0.4,campo,24.0,0.5,amarelo,0.0,0.402397595979
0,1,400,3200,0.4,campo,24.0,0.5,azul,0.892720306513,0.245703847403
0,1,400,3200,0.4,campo,24.0,0.5,vermelho,0.15625,0.468361588523
0,1,400,3200,1.0,sem,24.0,0.5,amarelo,0.996153846154,17.7913209993
0,1,400,3200,1.0,sem,24.0,0.5,azul,0.892720306513,29.0968097946
0,1,400,3200,1.0,sem,24.0,0.5,vermelho,1.0,
0,1,400,3200,1.0,campo,24.0,0.5,amarelo,0.996153846154,0.921578691385
0,1,400,3200,1.0,campo,24.0,0.5,azul,0.892720306513,0.847765110107
0,1,400,3200,1.0,campo,24.0,0.5,vermelho,1.0,
0,1,400,3200,1.5,sem,24.0,0.5,amarelo,1.0,
0,1,400,3200,1.5,sem,24.0,0.5,azul,0.892720306513,30.93380643
0,1,400,3200,1.5,sem,24.0,0.5,vermelho,1.0,
0,1,400,3200,1.5,campo,24.0,0.5,amarelo,1.0,
0,1,400,3200,1.5,campo,24.0,0.5,azul,0.892720306513,3.8059429989
0,1,400,3200,1.5,campo,24.0,0.5,vermelho,1.0,
0,1,400,3800,0.4,sem,24.0,0.5,amarelo,0.0,20.5164356461
0,1,400,3800,0.4,sem,24.0,0.5,azul,0.892720306513,28.6804714527
0,1,400,3800,0.4,sem,24.0,0.5,vermelho,0.15625,13.8963834444
0,1,400,3800,0.4,campo,24.0,0.5,amarelo,0.0,0.337540674185
0,1,400,3800,0.4,campo,24.0,0.5,azul,0.892720306513,0.18659250376
0,1,400,3800,0.4,campo,24.0,0.5,vermelho,0.15625,0.44121040883
0,1,400,3800,1.0,sem,24.0,0.5,amarelo,0.925641025641,12.8223672655
0,1,400,3800,1.0,sem,24.0,0.5,azul,0.892720306513,19.0690586961
0,1,400,3800,1.0,sem,24.0,0.5,vermelho,0.96875,10.2476424799
0,1,400,3800,1.0,campo,24.0,0.5,amarelo,0.925641025641,0.0
0,1,400,3800,1.0,campo,24.0,0.5,azul,0.892720306513,0.185219590626
0,1,400,3800,1.0,campo,24.0,0.5,vermelho,0.96875,0.408777764585
0,1,400,3800,1.5,sem,24.0,0.5,amarelo,1.0,
0,1,400,3800,1.5,sem,24.0,0.5,azul,0.892720306513,20.6146503914
0,1,400,3800,1.5,sem,24.0,0.5,vermelho,1.0,
0,1,400,3800,1.5,campo,24.0,0.5,amarelo,1.0,
0,1,400,3800,1.5,campo,24.0,0.5,azul,0.892720306513,3.40008404775
0,1,400,3800,1.5,campo,24.0,0.5,vermelho,1.0,
0,1,600,2700,0.4,sem,24.0,0.5,amarelo,0.0,24.3117409107
0,1,600,2700,0.4,sem,24.0,0.5,azul,0.888888888889,42.6593271962
0,1,600,2700,0.4,sem,24.0,0.5,vermelho,0.125,12.3602981604
0,1,600,2700,0.4,campo,24.0,0.5,amarelo,0.0,0.331249734819
0,1,600,2700,0.4,campo,24.0,0.5,azul,0.888888888889,0.27878724288
0,1,600,2700,0.4,campo,24.0,0.5,vermelho,0.125,0.241401734768
0,1,600,2700,1.0,sem,24.0,0.5,amarelo,1.0,
0,1,600,2700,1.0,sem,24.0,0.5,azul,0.888888888889,40.0256639949
0,1,600,2700,1.0,sem,24.0,0.5,vermelho,1.0,
0,1,600,2700,1.0,campo,24.0,0.5,amarelo,1.0,
0,1,600,2700,1.0,campo,24.0,0.5,azul,0.888888888889,3.06332821936
0,1,600,2700,1.0,campo,24.0,0.5,vermelho,1.0,
0,1,600,2700,1.5,sem,24.0,0.5,amarelo,1.0,
0,1,600,2700,1.5,sem,24.0,0.5,azul,0.888888888889,42.4295797329
0,1,600,2700,1.5,sem,24.0,0.5,vermelho,1.0,
0,1,600,2700,1.5,campo,24.0,0.5,amarelo,1.0,
0,1,600,2700,1.5,campo,24.0,0.5,azul,0.888888888889,2.76514757571
0,1,600,2700,1.5,campo,24.0,0.5,vermelho,1.0,
0,1,600,3200,0.4,sem,24.0,0.5,amarelo,0.0,21.9609102945
0,1,600,3200,0.4,sem,24.0,0.5,azul,0.888888888889,35.0069062541
0,1,600,3200,0.4,sem,24.0,0.5,vermelho,0.125,12.6925063227
0,1,600,3200,0.4,campo,24.0,0.5,amarelo,0.0,0.33527745178
0,1,600,3200,0.4,campo,24.0,0.5,azul,0.888888888889,0.286416928445
0,1,600,3200,0.4,campo,24.0,0.5,vermelho,0.125,0.204543820008
0,1,600,3200,1.0,sem,24.0,0.5,amarelo,0.997435897436,17.5974785921
0,1,600,3200,1.0,sem,24.0,0.5,azul,0.888888888889,29.2050200546
0,1,600,3200,1.0,sem,24.0,0.5,vermelho,1.0,
0,1,600,3200,1.0,campo,24.0,0.5,amarelo,0.997435897436,0.932003211135
0,1,600,3200,1.0,campo,24.0,0.5,azul,0.888888888889,0.846863582716
0,1,600,3200,1.0,campo,24.0,0.5,vermelho,1.0,
0,1,600,3200,1.5,sem,24.0,0.5,amarelo,1.0,
0,1,600,3200,1.5,sem,24.0,0.5,azul,0.888888888889,31.1021480633
0,1,600,3200,1.5,sem,24.0,0.5,vermelho,1.0,
0,1,600,3200,1.5,campo,24.0,0.5,amarelo,1.0,
0,1,600,3200,1.5,campo,24.0,0.5,azul,0.888888888889,3.88268148716
0,1,600,3200,1.5,campo,24.0,0.5,vermelho,1.0,
0,1,600,3800,0.4,sem,24.0,0.5,amarelo,0.0,20.5075146396
0,1,600,3800,0.4,sem,24.0,0.5,azul,0.888888888889,28.7326925802
0,1,600,3800,0.4,sem,24.0,0.5,vermelho,0.125,13.8544352054
0,1,600,3800,0.4,campo,24.0,0.5,amarelo,0.0,0.280901166293
0,1,600,3800,0.4,campo,24.0,0.5,azul,0.888888888889,0.290720220817
0,1,600,3800,0.4,campo,24.0,0.5,vermelho,0.125,0.202100325368
0,1,600,3800,1.0,sem,24.0,0.5,amarelo,0.934615384615,12.836490947
0,1,600,3800,1.0,sem,24.0,0.5,azul,0.888888888889,19.1913012493
0,1,600,3800,1.0,sem,24.0,0.5,vermelho,0.96875,10.4115309845
0,1,600,3800,1.0,campo,24.0,0.5,amarelo,0.934615384615,0.0
0,1,600,3800,1.0,campo,24.0,0.5,azul,0.888888888889,0.102830507188
0,1,600,3800,1.0,campo,24.0,0.5,vermelho,0.96875,0.214476669803
0,1,600,3800,1.5,sem,24.0,0.5,amarelo,1.0,
0,1,600,3800,1.5,sem,24.0,0.5,azul,0.888888888889,20.9986651917
0,1,600,3800,1.5,sem,24.0,0.5,vermelho,1.0,
0,1,600,3800,1.5,campo,24.0,0.5,amarelo,1.0,
0,1,600,3800,1.5,campo,24.0,0.5,azul,0.888888888889,3.43267148369
0,1,600,3800,1.5,campo,24.0,0.5,vermelho,1.0,
0,1,800,2700,0.4,sem,24.0,0.5,amarelo,0.0,24.3117409107
0,1,800,2700,0.4,sem,24.0,0.5,azul,0.908045977011,42.9324704237
0,1,800,2700,0.4,sem,24.0,0.5,vermelho,0.1875,11.634385243
0,1,800,2700,0.4,campo,24.0,0.5,amarelo,0.0,0.337370786811
0,1,800,2700,0.4,campo,24.0,0.5,azul,0.908045977011,0.259848872693
0,1,800,2700,0.4,campo,24.0,0.5,vermelho,0.1875,0.206359540014
0,1,800,2700,1.0,sem,24.0,0.5,amarelo,1.0,
0,1,800,2700,1.0,sem,24.0,0.5,azul,0.908045977011,40.4376673925
0,1,800,2700,1.0,sem,24.0,0.5,vermelho,1.0,
0,1,800,2700,1.0,campo,24.0,0.5,amarelo,1.0,
0,1,800,2700,1.0,campo,24.0,0.5,azul,0.908045977011,3.40180851732
0,1,800,2700,1.0,campo,24.0,0.5,vermelho,1.0,
0,1,800,2700,1.5,sem,24.0,0.5,amarelo,1.0,
0,1,800,2700,1.5,sem,24.0,0.5,azul,0.908045977011,42.5884566318
0,1,800,2700,1.5,sem,24.0,0.5,vermelho,1.0,
0,1,800,2700,1.5,campo,24.0,0.5,amarelo,1.0,
0,1,800,2700,1.5,campo,24.0,0.5,azul,0.908045977011,3.13242507458
0,1,800,2700,1.5,campo,24.0,0.5,vermelho,1.0,
0,1,800,3200,0.4,sem,24.0,0.5,amarelo,0.0,21.9778299379
0,1,800,3200,0.4,sem,24.0,0.5,azul,0.908045977011,34.8742782371
0,1,800,3200,0.4,sem,24.0,0.5,vermelho,0.1875,12.0639565612
0,1,800,3200,0.4,campo,24.0,0.5,amarelo,0.0,0.399156236281
0,1,800,3200,0.4,campo,24.0,0.5,azul,0.908045977011,0.19117249248
0,1,800,3200,0.4,campo,24.0,0.5,vermelho,0.1875,0.492326913233
0,1,800,3200,1.0,sem,24.0,0.5,amarelo,0.997435897436,17.5637367915
0,1,800,3200,1.0,sem,24.0,0.5,azul,0.908045977011,29.0477179706
0,1,800,3200,1.0,sem,24.0,0.5,vermelho,1.0,
0,1,800,3200,1.0,campo,24.0,0.5,amarelo,0.997435897436,0.862309414228
0,1,800,3200,1.0,campo,24.0,0.5,azul,0.908045977011,0.854519048625
0,1,800,3200,1.0,campo,24.0,0.5,vermelho,1.0,
0,1,800,3200,1.5,sem,24.0,0.5,amarelo,1.0,
0,1,800,3200,1.5,sem,24.0,0.5,azul,0.908045977011,30.8206884371
0,1,800,3200,1.5,sem,24.0,0.5,vermelho,1.0,
0,1,800,3200,1.5,campo,24.0,0.5,amarelo,1.0,
0,1,800,3200,1.5,campo,24.0,0.5,azul,0.908045977011,3.7649130832
0,1,800,3200,1.5,campo,24.0,0.5,vermelho,1.0,
0,1,800,3800,0.4,sem,24.0,0.5,amarelo,0.0,20.5130777557
0,1,800,3800,0.4,sem,24.0,0.5,azul,0.908045977011,28.5911743695
0,1,800,3800,0.4,sem,24.0,0.5,vermelho,0.1875,13.5802108185
0,1,800,3800,0.4,campo,24.0,0.5,amarelo,0.0,0.331276977057
0,1,800,3800,0.4,campo,24.0,0.5,azul,0.908045977011,0.149345258495
0,1,800,3800,0.4,campo,24.0,0.5,vermelho,0.1875,0.457225995988
0,1,800,3800,1.0,sem,24.0,0.5,amarelo,0.934615384615,12.798063888
0,1,800,3800,1.0,sem,24.0,0.5,azul,0.908045977011,18.9971260445
0,1,800,3800,1.0,sem,24.0,0.5,vermelho,0.96875,11.1805323576
0,1,800,3800,1.0,campo,24.0,0.5,amarelo,0.934615384615,0.0
0,1,800,3800,1.0,campo,24.0,0.5,azul,0.908045977011,0.179794314972
0,1,800,3800,1.0,campo,24.0,0.5,vermelho,0.96875,0.451833649973
0,1,800,3800,1.5,sem,24.0,0.5,amarelo,1.0,
0,1,800,3800,1.5,sem,24.0,0.5,azul,0.908045977011,20.3518325569
0,1,800,3800,1.5,sem,24.0,0.5,vermelho,1.0,
0,1,800,3800,1.5,campo,24.0,0.5,amarelo,1.0,
0,1,800,3800,1.5,campo,24.0,0.5,azul,0.908045977011,3.44842087873
0,1,800,3800,1.5,campo,24.0,0.5,vermelho,1.0,
1,0,0,4200,0.4,sem,24.0,0.5,amarelo,0.0,20.0747145222
1,0,0,4200,0.4,sem,24.0,0.5,azul,0.897289586305,25.4204811991
1,0,0,4200,0.4,sem,24.0,0.5,vermelho,0.0684931506849,14.7379780275
1,0,0,4200,0.4,campo,24.0,0.5,amarelo,0.0,0.328704947147
1,0,0,4200,0.4,campo,24.0,0.5,azul,0.897289586305,0.202254743081
1,0,0,4200,0.4,campo,24.0,0.5,vermelho,0.0684931506849,0.25014905501
1,0,0,4200,1.0,sem,24.0,0.5,amarelo,0.901856763926,9.94901630226
1,0,0,4200,1.0,sem,24.0,0.5,azul,0.897289586305,12.6896447103
1,0,0,4200,1.0,sem,24.0,0.5,vermelho,0.945205479452,9.16716307005
1,0,0,4200,1.0,campo,24.0,0.5,amarelo,0.901856763926,0.0
1,0,0,4200,1.0,campo,24.0,0.5,azul,0.897289586305,0.104913454237
1,0,0,4200,1.0,campo,24.0,0.5,vermelho,0.945205479452,0.7152751337
1,0,0,4200,1.5,sem,24.0,0.5,amarelo,1.0,
1,0,0,4200,1.5,sem,24.0,0.5,azul,0.897289586305,14.7548202943
1,0,0,4200,1.5,sem,24.0,0.5,vermelho,0.986301369863,15.2155547327
1,0,0,4200,1.5,campo,24.0,0.5,amarelo,1.0,
1,0,0,4200,1.5,campo,24.0,0.5,azul,0.897289586305,2.29273493553
1,0,0,4200,1.5,campo,24.0,0.5,vermelho,0.986301369863,2.36059030736
1,0,0,5000,0.4,sem,24.0,0.5,amarelo,0.0,19.8895385169
1,0,0,5000,0.4,sem,24.0,0.5,azul,0.897289586305,22.3004473626
1,0,0,5000,0.4,sem,24.0,0.5,vermelho,0.0684931506849,16.1053959973
1,0,0,5000,0.4,campo,24.0,0.5,amarelo,0.0,0.328402053429
1,0,0,5000,0.4,campo,24.0,0.5,azul,0.897289586305,0.25785353975
1,0,0,5000,0.4,campo,24.0,0.5,vermelho,0.0684931506849,0.214524260505
1,0,0,5000,1.0,sem,24.0,0.5,amarelo,0.0,5.50029892355
1,0,0,5000,1.0,sem,24.0,0.5,azul,0.897289586305,5.59739893624
1,0,0,5000,1.0,sem,24.0,0.5,vermelho,0.917808219178,5.11744926635
1,0,0,5000,1.0,campo,24.0,0.5,amarelo,0.0,0.152273502518
1,0,0,5000,1.0,campo,24.0,0.5,azul,0.897289586305,0.160300705473
1,0,0,5000,1.0,campo,24.0,0.5,vermelho,0.917808219178,0.264328652326
1,0,0,5000,1.5,sem,24.0,0.5,amarelo,1.0,
1,0,0,5000,1.5,sem,24.0,0.5,azul,0.998573466476,9.62076624876
1,0,0,5000,1.5,sem,24.0,0.5,vermelho,0.986301369863,11.2535181121
1,0,0,5000,1.5,campo,24.0,0.5,amarelo,1.0,
1,0,0,5000,1.5,campo,24.0,0.5,azul,0.998573466476,0.605590022354
1,0,0,5000,1.5,campo,24.0,0.5,vermelho,0.986301369863,0.795583839246
1,0,0,5800,0.4,sem,24.0,0.5,amarelo,0.0,20.1875135218
1,0,0,5800,0.4,sem,24.0,0.5,azul,0.897289586305,21.215396498
1,0,0,5800,0.4,sem,24.0,0.5,vermelho,0.0684931506849,17.2812452262
1,0,0,5800,0.4,campo,24.0,0.5,amarelo,0.0,0.332126584465
1,0,0,5800,0.4,campo,24.0,0.5,azul,0.897289586305,0.262549758716
1,0,0,5800,0.4,campo,24.0,0.5,vermelho,0.0684931506849,0.301266606547
1,0,0,5800,1.0,sem,24.0,0.5,amarelo,0.0,2.26918036701
1,0,0,5800,1.0,sem,24.0,0.5,azul,0.897289586305,1.91331814106
1,0,0,5800,1.0,sem,24.0,0.5,vermelho,0.671232876712,2.10669285531
1,0,0,5800,1.0,campo,24.0,0.5,amarelo,0.0,0.0
1,0,0,5800,1.0,campo,24.0,0.5,azul,0.897289586305,0.331440718138
1,0,0,5800,1.0,campo,24.0,0.5,vermelho,0.671232876712,0.476988962179
1,0,0,5800,1.5,sem,24.0,0.5,amarelo,0.997347480106,9.91346598007
1,0,0,5800,1.5,sem,24.0,0.5,azul,1.0,
1,0,0,5800,1.5,sem,24.0,0.5,vermelho,0.986301369863,8.56479395519
1,0,0,5800,1.5,campo,24.0,0.5,amarelo,0.997347480106,1.2059764714
1,0,0,5800,1.5,campo,24.0,0.5,azul,1.0,
1,0,0,5800,1.5,campo,24.0,0.5,vermelho,0.986301369863,0.795583839246
1,0,200,4200,0.4,sem,24.0,0.5,amarelo,0.0,20.0813101366
1,0,200,4200,0.4,sem,24.0,0.5,azul,0.911554921541,25.5680518644
1,0,200,4200,0.4,sem,24.0,0.5,vermelho,0.0958904109589,14.7546344874
1,0,200,4200,0.4,campo,24.0,0.5,amarelo,0.0,0.325791100666
1,0,200,4200,0.4,campo,24.0,0.5,azul,0.911554921541,0.254962231516
1,0,200,4200,0.4,campo,24.0,0.5,vermelho,0.0958904109589,0.363320044503
1,0,200,4200,1.0,sem,24.0,0.5,amarelo,0.880636604775,9.93109926865
1,0,200,4200,1.0,sem,24.0,0.5,azul,0.911554921541,13.1332218204
1,0,200,4200,1.0,sem,24.0,0.5,vermelho,0.945205479452,9.45953069283
1,0,200,4200,1.0,campo,24.0,0.5,amarelo,0.880636604775,0.163234120563
1,0,200,4200,1.0,campo,24.0,0.5,azul,0.911554921541,0.147191077437
1,0,200,4200,1.0,campo,24.0,0.5,vermelho,0.945205479452,0.772226630356
1,0,200,4200,1.5,sem,24.0,0.5,amarelo,1.0,
1,0,200,4200,1.5,sem,24.0,0.5,azul,0.911554921541,15.1161120618
1,0,200,4200,1.5,sem,24.0,0.5,vermelho,0.986301369863,15.9154351606
1,0,200,4200,1.5,campo,24.0,0.5,amarelo,1.0,
1,0,200,4200,1.5,campo,24.0,0.5,azul,0.911554921541,2.24741166693
1,0,200,4200,1.5,campo,24.0,0.5,vermelho,0.986301369863,2.20389399746
1,0,200,5000,0.4,sem,24.0,0.5,amarelo,0.0,19.8891771463
1,0,200,5000,0.4,sem,24.0,0.5,azul,0.911554921541,22.2736988775
1,0,200,5000,0.4,sem,24.0,0.5,vermelho,0.0958904109589,16.08514478
1,0,200,5000,0.4,campo,24.0,0.5,amarelo,0.0,0.283368788063
1,0,200,5000,0.4,campo,24.0,0.5,azul,0.911554921541,0.204751323953
1,0,200,5000,0.4,campo,24.0,0.5,vermelho,0.0958904109589,0.333061961
1,0,200,5000,1.0,sem,24.0,0.5,amarelo,0.0,5.50550523174
1,0,200,5000,1.0,sem,24.0,0.5,azul,0.911554921541,5.7692497159
1,0,200,5000,1.0,sem,24.0,0.5,vermelho,0.917808219178,5.5475211852
1,0,200,5000,1.0,campo,24.0,0.5,amarelo,0.0,0.164446680613
1,0,200,5000,1.0,campo,24.0,0.5,azul,0.911554921541,0.105776884495
1,0,200,5000,1.0,campo,24.0,0.5,vermelho,0.917808219178,0.308959713129
1,0,200,5000,1.5,sem,24.0,0.5,amarelo,1.0,
1,0,200,5000,1.5,sem,24.0,0.5,azul,0.998573466476,9.56037710032
1,0,200,5000,1.5,sem,24.0,0.5,vermelho,0.986301369863,11.9525034765
1,0,200,5000,1.5,campo,24.0,0.5,amarelo,1.0,
1,0,200,5000,1.5,campo,24.0,0.5,azul,0.998573466476,0.939938405018
1,0,200,5000,1.5,campo,24.0,0.5,vermelho,0.986301369863,0.750811641559
1,0,200,5800,0.4,sem,24.0,0.5,amarelo,0.0,20.1821382525
1,0,200,5800,0.4,sem,24.0,0.5,azul,0.911554921541,21.1960553678
1,0,200,5800,0.4,sem,24.0,0.5,vermelho,0.0958904109589,17.2564141789
1,0,200,5800,0.4,campo,24.0,0.5,amarelo,0.0,0.32498100192
1,0,200,5800,0.4,campo,24.0,0.5,azul,0.911554921541,0.274058002373
1,0,200,5800,0.4,campo,24.0,0.5,vermelho,0.0958904109589,0.499420644236
1,0,200,5800,1.0,sem,24.0,0.5,amarelo,0.0,2.26918036701
1,0,200,5800,1.0,sem,24.0,0.5,azul,0.911554921541,1.96701178688
1,0,200,5800,1.0,sem,24.0,0.5,vermelho,0.72602739726,2.11743549017
1,0,200,5800,1.0,campo,24.0,0.5,amarelo,0.0,0.0
1,0,200,5800,1.0,campo,24.0,0.5,azul,0.911554921541,0.126174138665
1,0,200,5800,1.0,campo,24.0,0.5,vermelho,0.72602739726,0.644424393393
1,0,200,5800,1.5,sem,24.0,0.5,amarelo,0.997347480106,9.94293189636
1,0,200,5800,1.5,sem,24.0,0.5,azul,1.0,
1,0,200,5800,1.5,sem,24.0,0.5,vermelho,0.972602739726,9.86221916903
1,0,200,5800,1.5,campo,24.0,0.5,amarelo,0.997347480106,1.13185459971
1,0,200,5800,1.5,campo,24.0,0.5,azul,1.0,
1,0,200,5800,1.5,campo,24.0,0.5,vermelho,0.972602739726,0.864828175397
1,0,400,4200,0.4,sem,24.0,0.5,amarelo,0.0,20.0889873863
1,0,400,4200,0.4,sem,24.0,0.5,azul,0.902995720399,25.6183486007
1,0,400,4200,0.4,sem,24.0,0.5,vermelho,0.027397260274,14.6460225014
1,0,400,4200,0.4,campo,24.0,0.5,amarelo,0.0,0.298638289198
1,0,400,4200,0.4,campo,24.0,0.5,azul,0.902995720399,0.173638834365
1,0,400,4200,0.4,campo,24.0,0.5,vermelho,0.027397260274,0.252827684072
1,0,400,4200,1.0,sem,24.0,0.5,amarelo,0.872679045093,9.84236161348
1,0,400,4200,1.0,sem,24.0,0.5,azul,0.902995720399,13.0373475139
1,0,400,4200,1.0,sem,24.0,0.5,vermelho,0.945205479452,9.12895425657
1,0,400,4200,1.0,campo,24.0,0.5,amarelo,0.872679045093,0.15765338442
1,0,400,4200,1.0,campo,24.0,0.5,azul,0.902995720399,0.102864091818
1,0,400,4200,1.0,campo,24.0,0.5,vermelho,0.945205479452,0.596940151003
1,0,400,4200,1.5,sem,24.0,0.5,amarelo,1.0,
1,0,400,4200,1.5,sem,24.0,0.5,azul,0.902995720399,14.9798070226
1,0,400,4200,1.5,sem,24.0,0.5,vermelho,0.986301369863,15.5029426692
1,0,400,4200,1.5,campo,24.0,0.5,amarelo,1.0,
1,0,400,4200,1.5,campo,24.0,0.5,azul,0.902995720399,2.29742323605
1,0,400,4200,1.5,campo,24.0,0.5,vermelho,0.986301369863,2.40906006914
1,0,400,5000,0.4,sem,24.0,0.5,amarelo,0.0,19.8964148632
1,0,400,5000,0.4,sem,24.0,0.5,azul,0.902995720399,22.2872043189
1,0,400,5000,0.4,sem,24.0,0.5,vermelho,0.027397260274,16.1000364987
1,0,400,5000,0.4,campo,24.0,0.5,amarelo,0.0,0.304499755567
1,0,400,5000,0.4,campo,24.0,0.5,azul,0.902995720399,0.182302971993
1,0,400,5000,0.4,campo,24.0,0.5,vermelho,0.027397260274,0.204651818015
1,0,400,5000,1.0,sem,24.0,0.5,amarelo,0.0,5.50520257105
1,0,400,5000,1.0,sem,24.0,0.5,azul,0.902995720399,5.82189845534
1,0,400,5000,1.0,sem,24.0,0.5,vermelho,0.917808219178,5.12072434503
1,0,400,5000,1.0,campo,24.0,0.5,amarelo,0.0,0.168226860514
1,0,400,5000,1.0,campo,24.0,0.5,azul,0.902995720399,0.122292152113
1,0,400,5000,1.0,campo,24.0,0.5,vermelho,0.917808219178,0.27204059341
1,0,400,5000,1.5,sem,24.0,0.5,amarelo,1.0,
1,0,400,5000,1.5,sem,24.0,0.5,azul,0.997146932953,10.6220536686
1,0,400,5000,1.5,sem,24.0,0.5,vermelho,0.986301369863,11.3639789783
1,0,400,5000,1.5,campo,24.0,0.5,amarelo,1.0,
1,0,400,5000,1.5,campo,24.0,0.5,azul,0.997146932953,1.03240901101
1,0,400,5000,1.5,campo,24.0,0.5,vermelho,0.986301369863,0.593003570444
1,0,400,5800,0.4,sem,24.0,0.5,amarelo,0.0,20.1954214765
1,0,400,5800,0.4,sem,24.0,0.5,azul,0.902995720399,21.198852686
1,0,400,5800,0.4,sem,24.0,0.5,vermelho,0.027397260274,17.2889768361
1,0,400,5800,0.4,campo,24.0,0.5,amarelo,0.0,0.328788207397
1,0,400,5800,0.4,campo,24.0,0.5,azul,0.902995720399,0.213967301844
1,0,400,5800,0.4,campo,24.0,0.5,vermelho,0.027397260274,0.428405739852
1,0,400,5800,1.0,sem,24.0,0.5,amarelo,0.0,2.2648830868
1,0,400,5800,1.0,sem,24.0,0.5,azul,0.902995720399,1.96775017849
1,0,400,5800,1.0,sem,24.0,0.5,vermelho,0.657534246575,2.09704854487
1,0,400,5800,1.0,campo,24.0,0.5,amarelo,0.0,0.0
1,0,400,5800,1.0,campo,24.0,0.5,azul,0.902995720399,0.0
1,0,400,5800,1.0,campo,24.0,0.5,vermelho,0.657534246575,0.537919354004
1,0,400,5800,1.5,sem,24.0,0.5,amarelo,0.997347480106,9.96446866523
1,0,400,5800,1.5,sem,24.0,0.5,azul,1.0,
1,0,400,5800,1.5,sem,24.0,0.5,vermelho,0.958904109589,10.6928988338
1,0,400,5800,1.5,campo,24.0,0.5,amarelo,0.997347480106,1.13418863152
1,0,400,5800,1.5,campo,24.0,0.5,azul,1.0,
1,0,400,5800,1.5,campo,24.0,0.5,vermelho,0.958904109589,1.03739710027
1,0,600,4200,0.4,sem,24.0,0.5,amarelo,0.0,20.0871984965
1,0,600,4200,0.4,sem,24.0,0.5,azul,0.904422253923,25.6375338756
1,0,600,4200,0.4,sem,24.0,0.5,vermelho,0.013698630137,14.5621065761
1,0,600,4200,0.4,campo,24.0,0.5,amarelo,0.0,0.33341111239
1,0,600,4200,0.4,campo,24.0,0.5,azul,0.904422253923,0.275363376306
1,0,600,4200,0.4,campo,24.0,0.5,vermelho,0.013698630137,0.39074845564
1,0,600,4200,1.0,sem,24.0,0.5,amarelo,0.862068965517,9.91942417144
1,0,600,4200,1.0,sem,24.0,0.5,azul,0.904422253923,13.2125619043
1,0,600,4200,1.0,sem,24.0,0.5,vermelho,0.945205479452,9.0514702322
1,0,600,4200,1.0,campo,24.0,0.5,amarelo,0.862068965517,0.0
1,0,600,4200,1.0,campo,24.0,0.5,azul,0.904422253923,0.10067016588
1,0,600,4200,1.0,campo,24.0,0.5,vermelho,0.945205479452,0.290902604721
1,0,600,4200,1.5,sem,24.0,0.5,amarelo,1.0,
1,0,600,4200,1.5,sem,24.0,0.5,azul,0.904422253923,15.3500677356
1,0,600,4200,1.5,sem,24.0,0.5,vermelho,0.986301369863,15.8586896797
1,0,600,4200,1.5,campo,24.0,0.5,amarelo,1.0,
1,0,600,4200,1.5,campo,24.0,0.5,azul,0.904422253923,2.31964134898
1,0,600,4200,1.5,campo,24.0,0.5,vermelho,0.986301369863,2.98640149103
1,0,600,5000,0.4,sem,24.0,0.5,amarelo,0.0,19.8891771463
1,0,600,5000,0.4,sem,24.0,0.5,azul,0.904422253923,22.4119030559
1,0,600,5000,0.4,sem,24.0,0.5,vermelho,0.013698630137,15.9643073644
1,0,600,5000,0.4,campo,24.0,0.5,amarelo,0.0,0.293815930268
1,0,600,5000,0.4,campo,24.0,0.5,azul,0.904422253923,0.274679806537
1,0,600,5000,0.4,campo,24.0,0.5,vermelho,0.013698630137,0.314581404246
1,0,600,5000,1.0,sem,24.0,0.5,amarelo,0.0,5.50550523174
1,0,600,5000,1.0,sem,24.0,0.5,azul,0.904422253923,6.07880554913
1,0,600,5000,1.0,sem,24.0,0.5,vermelho,0.917808219178,5.01615767478
1,0,600,5000,1.0,campo,24.0,0.5,amarelo,0.0,0.0
1,0,600,5000,1.0,campo,24.0,0.5,azul,0.904422253923,0.140851561407
1,0,600,5000,1.0,campo,24.0,0.5,vermelho,0.917808219178,0.112039011945
1,0,600,5000,1.5,sem,24.0,0.5,amarelo,1.0,
1,0,600,5000,1.5,sem,24.0,0.5,azul,1.0,
1,0,600,5000,1.5,sem,24.0,0.5,vermelho,0.986301369863,11.7757668282
1,0,600,5000,1.5,campo,24.0,0.5,amarelo,1.0,
1,0,600,5000,1.5,campo,24.0,0.5,azul,1.0,
1,0,600,5000,1.5,campo,24.0,0.5,vermelho,0.986301369863,0.799933882615
1,0,600,5800,0.4,sem,24.0,0.5,amarelo,0.0,20.1854741295
1,0,600,5800,0.4,sem,24.0,0.5,azul,0.904422253923,21.2228072288
1,0,600,5800,0.4,sem,24.0,0.5,vermelho,0.013698630137,17.1953777795
1,0,600,5800,0.4,campo,24.0,0.5,amarelo,0.0,0.2719251737
1,0,600,5800,0.4,campo,24.0,0.5,azul,0.904422253923,0.27720814246
1,0,600,5800,0.4,campo,24.0,0.5,vermelho,0.013698630137,0.297017525483
1,0,600,5800,1.0,sem,24.0,0.5,amarelo,0.0,2.26726075719
1,0,600,5800,1.0,sem,24.0,0.5,azul,0.904422253923,2.06049440357
1,0,600,5800,1.0,sem,24.0,0.5,vermelho,0.643835616438,2.07881004589
1,0,600,5800,1.0,campo,24.0,0.5,amarelo,0.0,0.0
1,0,600,5800,1.0,campo,24.0,0.5,azul,0.904422253923,0.0658777385443
1,0,600,5800,1.0,campo,24.0,0.5,vermelho,0.643835616438,0.284888692441
1,0,600,5800,1.5,sem,24.0,0.5,amarelo,0.997347480106,10.0673779219
1,0,600,5800,1.5,sem,24.0,0.5,azul,1.0,
1,0,600,5800,1.5,sem,24.0,0.5,vermelho,0.986301369863,9.13795645917
1,0,600,5800,1.5,campo,24.0,0.5,amarelo,0.997347480106,1.12326689921
1,0,600,5800,1.5,campo,24.0,0.5,azul,1.0,
1,0,600,5800,1.5,campo,24.0,0.5,vermelho,0.986301369863,0.959612213869
1,0,800,4200,0.4,sem,24.0,0.5,amarelo,0.0,20.0954425303
1,0,800,4200,0.4,sem,24.0,0.5,azul,0.904422253923,25.5925320615
1,0,800,4200,0.4,sem,24.0,0.5,vermelho,0.123287671233,14.560415252
1,0,800,4200,0.4,campo,24.0,0.5,amarelo,0.0,0.331258928618
1,0,800,4200,0.4,campo,24.0,0.5,azul,0.904422253923,0.189045517534
1,0,800,4200,0.4,campo,24.0,0.5,vermelho,0.123287671233,0.292781902033
1,0,800,4200,1.0,sem,24.0,0.5,amarelo,0.867374005305,9.80923289627
1,0,800,4200,1.0,sem,24.0,0.5,azul,0.904422253923,13.2215513573
1,0,800,4200,1.0,sem,24.0,0.5,vermelho,0.945205479452,9.05574011912
1,0,800,4200,1.0,campo,24.0,0.5,amarelo,0.867374005305,0.0
1,0,800,4200,1.0,campo,24.0,0.5,azul,0.904422253923,0.152884959148
1,0,800,4200,1.0,campo,24.0,0.5,vermelho,0.945205479452,0.481260511157
1,0,800,4200,1.5,sem,24.0,0.5,amarelo,1.0,
1,0,800,4200,1.5,sem,24.0,0.5,azul,0.904422253923,15.1648240906
1,0,800,4200,1.5,sem,24.0,0.5,vermelho,0.986301369863,15.1360912051
1,0,800,4200,1.5,campo,24.0,0.5,amarelo,1.0,
1,0,800,4200,1.5,campo,24.0,0.5,azul,0.904422253923,2.27723779288
1,0,800,4200,1.5,campo,24.0,0.5,vermelho,0.986301369863,2.77708705848
1,0,800,5000,0.4,sem,24.0,0.5,amarelo,0.0,19.9055405765
1,0,800,5000,0.4,sem,24.0,0.5,azul,0.904422253923,22.3639956867
1,0,800,5000,0.4,sem,24.0,0.5,vermelho,0.123287671233,16.0154183635
1,0,800,5000,0.4,campo,24.0,0.5,amarelo,0.0,0.301874595054
1,0,800,5000,0.4,campo,24.0,0.5,azul,0.904422253923,0.2507789829
1,0,800,5000,0.4,campo,24.0,0.5,vermelho,0.123287671233,0.212904633469
1,0,800,5000,1.0,sem,24.0,0.5,amarelo,0.0,5.50520257105
1,0,800,5000,1.0,sem,24.0,0.5,azul,0.904422253923,5.96695328709
1,0,800,5000,1.0,sem,24.0,0.5,vermelho,0.917808219178,5.13445031415
1,0,800,5000,1.0,campo,24.0,0.5,amarelo,0.0,0.170580110379
1,0,800,5000,1.0,campo,24.0,0.5,azul,0.904422253923,0.0
1,0,800,5000,1.0,campo,24.0,0.5,vermelho,0.917808219178,0.392316305423
1,0,800,5000,1.5,sem,24.0,0.5,amarelo,1.0,
1,0,800,5000,1.5,sem,24.0,0.5,azul,1.0,
1,0,800,5000,1.5,sem,24.0,0.5,vermelho,0.986301369863,11.2607909063
1,0,800,5000,1.5,campo,24.0,0.5,amarelo,1.0,
1,0,800,5000,1.5,campo,24.0,0.5,azul,1.0,
1,0,800,5000,1.5,campo,24.0,0.5,vermelho,0.986301369863,0.868717711402
1,0,800,5800,0.4,sem,24.0,0.5,amarelo,0.0,20.1985298078
1,0,800,5800,0.4,sem,24.0,0.5,azul,0.904422253923,21.1848066857
1,0,800,5800,0.4,sem,24.0,0.5,vermelho,0.123287671233,17.1984076105
1,0,800,5800,0.4,campo,24.0,0.5,amarelo,0.0,0.328610394788
1,0,800,5800,0.4,campo,24.0,0.5,azul,0.904422253923,0.258539132207
1,0,800,5800,0.4,campo,24.0,0.5,vermelho,0.123287671233,0.291628642996
1,0,800,5800,1.0,sem,24.0,0.5,amarelo,0.0,2.27358706932
1,0,800,5800,1.0,sem,24.0,0.5,azul,0.904422253923,2.01286521442
1,0,800,5800,1.0,sem,24.0,0.5,vermelho,0.698630136986,2.09142345838
1,0,800,5800,1.0,campo,24.0,0.5,amarelo,0.0,0.0
1,0,800,5800,1.0,campo,24.0,0.5,azul,0.904422253923,0.0873208814601
1,0,800,5800,1.0,campo,24.0,0.5,vermelho,0.698630136986,0.487344026407
1,0,800,5800,1.5,sem,24.0,0.5,amarelo,0.997347480106,9.90721111029
1,0,800,5800,1.5,sem,24.0,0.5,azul,1.0,
1,0,800,5800,1.5,sem,24.0,0.5,vermelho,0.972602739726,9.69574114593
1,0,800,5800,1.5,campo,24.0,0.5,amarelo,0.997347480106,1.11578297875
1,0,800,5800,1.5,campo,24.0,0.5,azul,1.0,
1,0,800,5800,1.5,campo,24.0,0.5,vermelho,0.972602739726,1.04840794946
1,1,0,4200,0.4,sem,24.0,0.5,amarelo,0.0,20.0864194661
1,1,0,4200,0.4,sem,24.0,0.5,azul,0.896551724138,25.9771488978
1,1,0,4200,0.4,sem,24.0,0.5,vermelho,0.21875,14.8274533303
1,1,0,4200,0.4,campo,24.0,0.5,amarelo,0.0,0.320929703722
1,1,0,4200,0.4,campo,24.0,0.5,azul,0.896551724138,0.193383284912
1,1,0,4200,0.4,campo,24.0,0.5,vermelho,0.21875,0.286174188661
1,1,0,4200,1.0,sem,24.0,0.5,amarelo,0.665384615385,9.82191029263
1,1,0,4200,1.0,sem,24.0,0.5,azul,0.896551724138,13.9650933341
1,1,0,4200,1.0,sem,24.0,0.5,vermelho,0.96875,8.02119168843
1,1,0,4200,1.0,campo,24.0,0.5,amarelo,0.665384615385,0.154909273272
1,1,0,4200,1.0,campo,24.0,0.5,azul,0.896551724138,0.163059745846
1,1,0,4200,1.0,campo,24.0,0.5,vermelho,0.96875,0.994160489397
1,1,0,4200,1.5,sem,24.0,0.5,amarelo,1.0,
1,1,0,4200,1.5,sem,24.0,0.5,azul,0.896551724138,15.9501450191
1,1,0,4200,1.5,sem,24.0,0.5,vermelho,1.0,
1,1,0,4200,1.5,campo,24.0,0.5,amarelo,1.0,
1,1,0,4200,1.5,campo,24.0,0.5,azul,0.896551724138,2.26406827394
1,1,0,4200,1.5,campo,24.0,0.5,vermelho,1.0,
1,1,0,5000,0.4,sem,24.0,0.5,amarelo,0.0,19.9034247277
1,1,0,5000,0.4,sem,24.0,0.5,azul,0.896551724138,22.5388247592
1,1,0,5000,0.4,sem,24.0,0.5,vermelho,0.21875,16.4332294757
1,1,0,5000,0.4,campo,24.0,0.5,amarelo,0.0,0.288244062208
1,1,0,5000,0.4,campo,24.0,0.5,azul,0.896551724138,0.257423845967
1,1,0,5000,0.4,campo,24.0,0.5,vermelho,0.21875,0.204786482102
1,1,0,5000,1.0,sem,24.0,0.5,amarelo,0.0,5.45598761493
1,1,0,5000,1.0,sem,24.0,0.5,azul,0.896551724138,6.85943746399
1,1,0,5000,1.0,sem,24.0,0.5,vermelho,0.90625,4.70520190836
1,1,0,5000,1.0,campo,24.0,0.5,amarelo,0.0,0.269036388922
1,1,0,5000,1.0,campo,24.0,0.5,azul,0.896551724138,0.19324110025
1,1,0,5000,1.0,campo,24.0,0.5,vermelho,0.90625,0.440864950057
1,1,0,5000,1.5,sem,24.0,0.5,amarelo,0.997435897436,12.1079974315
1,1,0,5000,1.5,sem,24.0,0.5,azul,1.0,
1,1,0,5000,1.5,sem,24.0,0.5,vermelho,1.0,
1,1,0,5000,1.5,campo,24.0,0.5,amarelo,0.997435897436,0.980413448521
1,1,0,5000,1.5,campo,24.0,0.5,azul,1.0,
1,1,0,5000,1.5,campo,24.0,0.5,vermelho,1.0,
1,1,0,5800,0.4,sem,24.0,0.5,amarelo,0.0,20.1994404312
1,1,0,5800,0.4,sem,24.0,0.5,azul,0.896551724138,21.1993622144
1,1,0,5800,0.4,sem,24.0,0.5,vermelho,0.21875,17.6511137245
1,1,0,5800,0.4,campo,24.0,0.5,amarelo,0.0,0.333252570429
1,1,0,5800,0.4,campo,24.0,0.5,azul,0.896551724138,0.26535796837
1,1,0,5800,0.4,campo,24.0,0.5,vermelho,0.21875,0.453226498591
1,1,0,5800,1.0,sem,24.0,0.5,amarelo,0.0,2.24739550801
1,1,0,5800,1.0,sem,24.0,0.5,azul,0.896551724138,2.37832007776
1,1,0,5800,1.0,sem,24.0,0.5,vermelho,0.84375,2.02377053002
1,1,0,5800,1.0,campo,24.0,0.5,amarelo,0.0,0.0
1,1,0,5800,1.0,campo,24.0,0.5,azul,0.896551724138,0.391834071943
1,1,0,5800,1.0,campo,24.0,0.5,vermelho,0.84375,0.557976106557
1,1,0,5800,1.5,sem,24.0,0.5,amarelo,0.979487179487,9.96407982892
1,1,0,5800,1.5,sem,24.0,0.5,azul,1.0,
1,1,0,5800,1.5,sem,24.0,0.5,vermelho,0.96875,10.4544640011
1,1,0,5800,1.5,campo,24.0,0.5,amarelo,0.979487179487,1.16179347559
1,1,0,5800,1.5,campo,24.0,0.5,azul,1.0,
1,1,0,5800,1.5,campo,24.0,0.5,vermelho,0.96875,1.01771757315
1,1,200,4200,0.4,sem,24.0,0.5,amarelo,0.0,20.0817157405
1,1,200,4200,0.4,sem,24.0,0.5,azul,0.892720306513,25.9821681425
1,1,200,4200,0.4,sem,24.0,0.5,vermelho,0.1875,14.5022256384
1,1,200,4200,0.4,campo,24.0,0.5,amarelo,0.0,0.307429827489
1,1,200,4200,0.4,campo,24.0,0.5,azul,0.892720306513,0.285974239808
1,1,200,4200,0.4,campo,24.0,0.5,vermelho,0.1875,0.365847127797
1,1,200,4200,1.0,sem,24.0,0.5,amarelo,0.661538461538,9.82274043395
1,1,200,4200,1.0,sem,24.0,0.5,azul,0.892720306513,14.0218348171
1,1,200,4200,1.0,sem,24.0,0.5,vermelho,0.96875,8.48081777172
1,1,200,4200,1.0,campo,24.0,0.5,amarelo,0.661538461538,0.0
1,1,200,4200,1.0,campo,24.0,0.5,azul,0.892720306513,0.20384178722
1,1,200,4200,1.0,campo,24.0,0.5,vermelho,0.96875,0.891736804803
1,1,200,4200,1.5,sem,24.0,0.5,amarelo,1.0,
1,1,200,4200,1.5,sem,24.0,0.5,azul,0.892720306513,15.9976694343
1,1,200,4200,1.5,sem,24.0,0.5,vermelho,1.0,
1,1,200,4200,1.5,campo,24.0,0.5,amarelo,1.0,
1,1,200,4200,1.5,campo,24.0,0.5,azul,0.892720306513,2.48788482095
1,1,200,4200,1.5,campo,24.0,0.5,vermelho,1.0,
1,1,200,5000,0.4,sem,24.0,0.5,amarelo,0.0,19.8960926688
1,1,200,5000,0.4,sem,24.0,0.5,azul,0.892720306513,22.6028766348
1,1,200,5000,0.4,sem,24.0,0.5,vermelho,0.1875,16.2354173935
1,1,200,5000,0.4,campo,24.0,0.5,amarelo,0.0,0.284392733884
1,1,200,5000,0.4,campo,24.0,0.5,azul,0.892720306513,0.28387268671
1,1,200,5000,0.4,campo,24.0,0.5,vermelho,0.1875,0.365428447757
1,1,200,5000,1.0,sem,24.0,0.5,amarelo,0.0,5.45172908576
1,1,200,5000,1.0,sem,24.0,0.5,azul,0.892720306513,6.8319875904
1,1,200,5000,1.0,sem,24.0,0.5,vermelho,0.9375,4.79313737572
1,1,200,5000,1.0,campo,24.0,0.5,amarelo,0.0,0.180893820488
1,1,200,5000,1.0,campo,24.0,0.5,azul,0.892720306513,0.0871013957507
1,1,200,5000,1.0,campo,24.0,0.5,vermelho,0.9375,0.345603562993
1,1,200,5000,1.5,sem,24.0,0.5,amarelo,0.994871794872,11.9384944612
1,1,200,5000,1.5,sem,24.0,0.5,azul,0.996168582375,11.5667533474
1,1,200,5000,1.5,sem,24.0,0.5,vermelho,1.0,
1,1,200,5000,1.5,campo,24.0,0.5,amarelo,0.994871794872,1.09761071387
1,1,200,5000,1.5,campo,24.0,0.5,azul,0.996168582375,1.31288239034
1,1,200,5000,1.5,campo,24.0,0.5,vermelho,1.0,
1,1,200,5800,0.4,sem,24.0,0.5,amarelo,0.0,20.190210113
1,1,200,5800,0.4,sem,24.0,0.5,azul,0.892720306513,21.2440916824
1,1,200,5800,0.4,sem,24.0,0.5,vermelho,0.1875,17.5574169314
1,1,200,5800,0.4,campo,24.0,0.5,amarelo,0.0,0.324010868586
1,1,200,5800,0.4,campo,24.0,0.5,azul,0.892720306513,0.290697246287
1,1,200,5800,0.4,campo,24.0,0.5,vermelho,0.1875,0.505033930703
1,1,200,5800,1.0,sem,24.0,0.5,amarelo,0.0,2.24715182849
1,1,200,5800,1.0,sem,24.0,0.5,azul,0.892720306513,2.38522953335
1,1,200,5800,1.0,sem,24.0,0.5,vermelho,0.75,2.04682882158
1,1,200,5800,1.0,campo,24.0,0.5,amarelo,0.0,0.149120058795
1,1,200,5800,1.0,campo,24.0,0.5,azul,0.892720306513,0.0845115910605
1,1,200,5800,1.0,campo,24.0,0.5,vermelho,0.75,0.644961820775
1,1,200,5800,1.5,sem,24.0,0.5,amarelo,0.976923076923,9.96072606347
1,1,200,5800,1.5,sem,24.0,0.5,azul,1.0,
1,1,200,5800,1.5,sem,24.0,0.5,vermelho,0.96875,10.696719147
1,1,200,5800,1.5,campo,24.0,0.5,amarelo,0.976923076923,1.11940901192
1,1,200,5800,1.5,campo,24.0,0.5,azul,1.0,
1,1,200,5800,1.5,campo,24.0,0.5,vermelho,0.96875,0.997672472813
1,1,400,4200,0.4,sem,24.0,0.5,amarelo,0.0,20.0814515533
1,1,400,4200,0.4,sem,24.0,0.5,azul,0.892720306513,25.875870585
1,1,400,4200,0.4,sem,24.0,0.5,vermelho,0.15625,14.7526520039
1,1,400,4200,0.4,campo,24.0,0.5,amarelo,0.0,0.33069960877
1,1,400,4200,0.4,campo,24.0,0.5,azul,0.892720306513,0.156773003868
1,1,400,4200,0.4,campo,24.0,0.5,vermelho,0.15625,0.265551557523
1,1,400,4200,1.0,sem,24.0,0.5,amarelo,0.682051282051,9.85631300453
1,1,400,4200,1.0,sem,24.0,0.5,azul,0.892720306513,13.9131421103
1,1,400,4200,1.0,sem,24.0,0.5,vermelho,0.96875,7.91674500698
1,1,400,4200,1.0,campo,24.0,0.5,amarelo,0.682051282051,0.0
1,1,400,4200,1.0,campo,24.0,0.5,azul,0.892720306513,0.185392752213
1,1,400,4200,1.0,campo,24.0,0.5,vermelho,0.96875,0.918717801475
1,1,400,4200,1.5,sem,24.0,0.5,amarelo,1.0,
1,1,400,4200,1.5,sem,24.0,0.5,azul,0.892720306513,15.9181714475
1,1,400,4200,1.5,sem,24.0,0.5,vermelho,1.0,
1,1,400,4200,1.5,campo,24.0,0.5,amarelo,1.0,
1,1,400,4200,1.5,campo,24.0,0.5,azul,0.892720306513,2.23405348046
1,1,400,4200,1.5,campo,24.0,0.5,vermelho,1.0,
1,1,400,5000,0.4,sem,24.0,0.5,amarelo,0.0,19.890582821
1,1,400,5000,0.4,sem,24.0,0.5,azul,0.892720306513,22.5254189123
1,1,400,5000,0.4,sem,24.0,0.5,vermelho,0.15625,16.1846496339
1,1,400,5000,0.4,campo,24.0,0.5,amarelo,0.0,0.283733193069
1,1,400,5000,0.4,campo,24.0,0.5,azul,0.892720306513,0.235617607932
1,1,400,5000,0.4,campo,24.0,0.5,vermelho,0.15625,0.259723559041
1,1,400,5000,1.0,sem,24.0,0.5,amarelo,0.0,5.46180683091
1,1,400,5000,1.0,sem,24.0,0.5,azul,0.892720306513,6.62294819328
1,1,400,5000,1.0,sem,24.0,0.5,vermelho,0.9375,4.77207014632
1,1,400,5000,1.0,campo,24.0,0.5,amarelo,0.0,0.267527704941
1,1,400,5000,1.0,campo,24.0,0.5,azul,0.892720306513,0.0
1,1,400,5000,1.0,campo,24.0,0.5,vermelho,0.9375,0.348972310315
1,1,400,5000,1.5,sem,24.0,0.5,amarelo,0.99358974359,12.1558976005
1,1,400,5000,1.5,sem,24.0,0.5,azul,1.0,
1,1,400,5000,1.5,sem,24.0,0.5,vermelho,1.0,
1,1,400,5000,1.5,campo,24.0,0.5,amarelo,0.99358974359,1.10597528653
1,1,400,5000,1.5,campo,24.0,0.5,azul,1.0,
1,1,400,5000,1.5,campo,24.0,0.5,vermelho,1.0,
1,1,400,5800,0.4,sem,24.0,0.5,amarelo,0.0,20.1889599269
1,1,400,5800,0.4,sem,24.0,0.5,azul,0.892720306513,21.1927387247
1,1,400,5800,0.4,sem,24.0,0.5,vermelho,0.15625,17.5035673291
1,1,400,5800,0.4,campo,24.0,0.5,amarelo,0.0,0.330598379942
1,1,400,5800,0.4,campo,24.0,0.5,azul,0.892720306513,0.257727608651
1,1,400,5800,0.4,campo,24.0,0.5,vermelho,0.15625,0.399297485536
1,1,400,5800,1.0,sem,24.0,0.5,amarelo,0.0,2.25124007515
1,1,400,5800,1.0,sem,24.0,0.5,azul,0.892720306513,2.28223949244
1,1,400,5800,1.0,sem,24.0,0.5,vermelho,0.65625,2.09315531697
1,1,400,5800,1.0,campo,24.0,0.5,amarelo,0.0,0.0
1,1,400,5800,1.0,campo,24.0,0.5,azul,0.892720306513,0.134395702288
1,1,400,5800,1.0,campo,24.0,0.5,vermelho,0.65625,0.527912311487
1,1,400,5800,1.5,sem,24.0,0.5,amarelo,0.975641025641,9.94833249415
1,1,400,5800,1.5,sem,24.0,0.5,azul,1.0,
1,1,400,5800,1.5,sem,24.0,0.5,vermelho,1.0,
1,1,400,5800,1.5,campo,24.0,0.5,amarelo,0.975641025641,1.12014403152
1,1,400,5800,1.5,campo,24.0,0.5,azul,1.0,
1,1,400,5800,1.5,campo,24.0,0.5,vermelho,1.0,
1,1,600,4200,0.4,sem,24.0,0.5,amarelo,0.0,20.0792580829
1,1,600,4200,0.4,sem,24.0,0.5,azul,0.888888888889,26.0338631201
1,1,600,4200,0.4,sem,24.0,0.5,vermelho,0.125,14.5920085249
1,1,600,4200,0.4,campo,24.0,0.5,amarelo,0.0,0.308849222924
1,1,600,4200,0.4,campo,24.0,0.5,azul,0.888888888889,0.286416928445
1,1,600,4200,0.4,campo,24.0,0.5,vermelho,0.125,0.373916880838
1,1,600,4200,1.0,sem,24.0,0.5,amarelo,0.657692307692,9.85875245228
1,1,600,4200,1.0,sem,24.0,0.5,azul,0.888888888889,14.1274710058
1,1,600,4200,1.0,sem,24.0,0.5,vermelho,0.96875,7.98124007264
1,1,600,4200,1.0,campo,24.0,0.5,amarelo,0.657692307692,0.0
1,1,600,4200,1.0,campo,24.0,0.5,azul,0.888888888889,0.213513723818
1,1,600,4200,1.0,campo,24.0,0.5,vermelho,0.96875,0.415811651647
1,1,600,4200,1.5,sem,24.0,0.5,amarelo,1.0,
1,1,600,4200,1.5,sem,24.0,0.5,azul,0.888888888889,16.2149533347
1,1,600,4200,1.5,sem,24.0,0.5,vermelho,1.0,
1,1,600,4200,1.5,campo,24.0,0.5,amarelo,1.0,
1,1,600,4200,1.5,campo,24.0,0.5,azul,0.888888888889,2.43590554508
1,1,600,4200,1.5,campo,24.0,0.5,vermelho,1.0,
1,1,600,5000,0.4,sem,24.0,0.5,amarelo,0.0,19.8893012454
1,1,600,5000,0.4,sem,24.0,0.5,azul,0.888888888889,22.6648544964
1,1,600,5000,0.4,sem,24.0,0.5,vermelho,0.125,16.3439704775
1,1,600,5000,0.4,campo,24.0,0.5,amarelo,0.0,0.284577984224
1,1,600,5000,0.4,campo,24.0,0.5,azul,0.888888888889,0.284240460862
1,1,600,5000,0.4,campo,24.0,0.5,vermelho,0.125,0.328903593617
1,1,600,5000,1.0,sem,24.0,0.5,amarelo,0.0,5.45563504555
1,1,600,5000,1.0,sem,24.0,0.5,azul,0.888888888889,6.86409532203
1,1,600,5000,1.0,sem,24.0,0.5,vermelho,0.90625,4.88864983164
1,1,600,5000,1.0,campo,24.0,0.5,amarelo,0.0,0.161628578514
1,1,600,5000,1.0,campo,24.0,0.5,azul,0.888888888889,0.176816531642
1,1,600,5000,1.0,campo,24.0,0.5,vermelho,0.90625,0.29072264531
1,1,600,5000,1.5,sem,24.0,0.5,amarelo,0.997435897436,12.1857453669
1,1,600,5000,1.5,sem,24.0,0.5,azul,1.0,
1,1,600,5000,1.5,sem,24.0,0.5,vermelho,1.0,
1,1,600,5000,1.5,campo,24.0,0.5,amarelo,0.997435897436,1.2545466714
1,1,600,5000,1.5,campo,24.0,0.5,azul,1.0,
1,1,600,5000,1.5,campo,24.0,0.5,vermelho,1.0,
1,1,600,5800,0.4,sem,24.0,0.5,amarelo,0.0,20.1892853472
1,1,600,5800,0.4,sem,24.0,0.5,azul,0.888888888889,21.2528340396
1,1,600,5800,0.4,sem,24.0,0.5,vermelho,0.125,17.6506551272
1,1,600,5800,0.4,campo,24.0,0.5,amarelo,0.0,0.275096368155
1,1,600,5800,0.4,campo,24.0,0.5,azul,0.888888888889,0.281459284746
1,1,600,5800,0.4,campo,24.0,0.5,vermelho,0.125,0.293572892016
1,1,600,5800,1.0,sem,24.0,0.5,amarelo,0.0,2.24628948196
1,1,600,5800,1.0,sem,24.0,0.5,azul,0.888888888889,2.40451410446
1,1,600,5800,1.0,sem,24.0,0.5,vermelho,0.75,2.06386988424
1,1,600,5800,1.0,campo,24.0,0.5,amarelo,0.0,0.0
1,1,600,5800,1.0,campo,24.0,0.5,azul,0.888888888889,0.0730907685972
1,1,600,5800,1.0,campo,24.0,0.5,vermelho,0.75,0.301252734897
1,1,600,5800,1.5,sem,24.0,0.5,amarelo,0.978205128205,9.96446866523
1,1,600,5800,1.5,sem,24.0,0.5,azul,1.0,
1,1,600,5800,1.5,sem,24.0,0.5,vermelho,0.96875,10.4498670451
1,1,600,5800,1.5,campo,24.0,0.5,amarelo,0.978205128205,1.12999363799
1,1,600,5800,1.5,campo,24.0,0.5,azul,1.0,
1,1,600,5800,1.5,campo,24.0,0.5,vermelho,0.96875,1.25521571721
1,1,800,4200,0.4,sem,24.0,0.5,amarelo,0.0,20.0803129217
1,1,800,4200,0.4,sem,24.0,0.5,azul,0.908045977011,25.9209578812
1,1,800,4200,0.4,sem,24.0,0.5,vermelho,0.1875,14.6892137961
1,1,800,4200,0.4,campo,24.0,0.5,amarelo,0.0,0.297253360821
1,1,800,4200,0.4,campo,24.0,0.5,azul,0.908045977011,0.1862705828
1,1,800,4200,0.4,campo,24.0,0.5,vermelho,0.1875,0.273348445321
1,1,800,4200,1.0,sem,24.0,0.5,amarelo,0.657692307692,9.88164310047
1,1,800,4200,1.0,sem,24.0,0.5,azul,0.908045977011,13.7159029873
1,1,800,4200,1.0,sem,24.0,0.5,vermelho,0.96875,8.72476222963
1,1,800,4200,1.0,campo,24.0,0.5,amarelo,0.657692307692,0.0
1,1,800,4200,1.0,campo,24.0,0.5,azul,0.908045977011,0.0810649030341
1,1,800,4200,1.0,campo,24.0,0.5,vermelho,0.96875,0.451833649973
1,1,800,4200,1.5,sem,24.0,0.5,amarelo,1.0,
1,1,800,4200,1.5,sem,24.0,0.5,azul,0.908045977011,15.6871917121
1,1,800,4200,1.5,sem,24.0,0.5,vermelho,1.0,
1,1,800,4200,1.5,campo,24.0,0.5,amarelo,1.0,
1,1,800,4200,1.5,campo,24.0,0.5,azul,0.908045977011,2.25909072553
1,1,800,4200,1.5,campo,24.0,0.5,vermelho,1.0,
1,1,800,5000,0.4,sem,24.0,0.5,amarelo,0.0,19.8916171194
1,1,800,5000,0.4,sem,24.0,0.5,azul,0.908045977011,22.4907552727
1,1,800,5000,0.4,sem,24.0,0.5,vermelho,0.1875,16.3413431238
1,1,800,5000,0.4,campo,24.0,0.5,amarelo,0.0,0.279585624666
1,1,800,5000,0.4,campo,24.0,0.5,azul,0.908045977011,0.183997911365
1,1,800,5000,0.4,campo,24.0,0.5,vermelho,0.1875,0.27012780042
1,1,800,5000,1.0,sem,24.0,0.5,amarelo,0.0,5.46161100426
1,1,800,5000,1.0,sem,24.0,0.5,azul,0.908045977011,6.62446896973
1,1,800,5000,1.0,sem,24.0,0.5,vermelho,0.90625,5.02348524154
1,1,800,5000,1.0,campo,24.0,0.5,amarelo,0.0,0.272219364777
1,1,800,5000,1.0,campo,24.0,0.5,azul,0.908045977011,0.0
1,1,800,5000,1.0,campo,24.0,0.5,vermelho,0.90625,0.295410560167
1,1,800,5000,1.5,sem,24.0,0.5,amarelo,0.996153846154,11.9184872461
1,1,800,5000,1.5,sem,24.0,0.5,azul,1.0,
1,1,800,5000,1.5,sem,24.0,0.5,vermelho,1.0,
1,1,800,5000,1.5,campo,24.0,0.5,amarelo,0.996153846154,1.1098449099
1,1,800,5000,1.5,campo,24.0,0.5,azul,1.0,
1,1,800,5000,1.5,campo,24.0,0.5,vermelho,1.0,
1,1,800,5800,0.4,sem,24.0,0.5,amarelo,0.0,20.1886238811
1,1,800,5800,0.4,sem,24.0,0.5,azul,0.908045977011,21.2113429611
1,1,800,5800,0.4,sem,24.0,0.5,vermelho,0.1875,17.5221222943
1,1,800,5800,0.4,campo,24.0,0.5,amarelo,0.0,0.328372018907
1,1,800,5800,0.4,campo,24.0,0.5,azul,0.908045977011,0.186413748835
1,1,800,5800,0.4,campo,24.0,0.5,vermelho,0.1875,0.443450780947
1,1,800,5800,1.0,sem,24.0,0.5,amarelo,0.0,2.24963544896
1,1,800,5800,1.0,sem,24.0,0.5,azul,0.908045977011,2.2812035956
1,1,800,5800,1.0,sem,24.0,0.5,vermelho,0.78125,2.10343288148
1,1,800,5800,1.0,campo,24.0,0.5,amarelo,0.0,0.0
1,1,800,5800,1.0,campo,24.0,0.5,azul,0.908045977011,0.0
1,1,800,5800,1.0,campo,24.0,0.5,vermelho,0.78125,0.512409146311
1,1,800,5800,1.5,sem,24.0,0.5,amarelo,0.975641025641,9.97358652411
1,1,800,5800,1.5,sem,24.0,0.5,azul,1.0,
1,1,800,5800,1.5,sem,24.0,0.5,vermelho,0.96875,10.6790150412
1,1,800,5800,1.5,campo,24.0,0.5,amarelo,0.975641025641,1.11872165292
1,1,800,5800,1.5,campo,24.0,0.5,azul,1.0,
1,1,800,5800,1.5,campo,24.0,0.5,vermelho,0.96875,1.089366344
2,0,0,6200,0.4,sem,24.0,0.5,amarelo,0.0,20.4065454041
2,0,0,6200,0.4,sem,24.0,0.5,azul,0.897289586305,20.9177794836
2,0,0,6200,0.4,sem,24.0,0.5,vermelho,0.0684931506849,17.8191912512
2,0,0,6200,0.4,campo,24.0,0.5,amarelo,0.0,0.362105291559
2,0,0,6200,0.4,campo,24.0,0.5,azul,0.897289586305,0.183010960176
2,0,0,6200,0.4,campo,24.0,0.5,vermelho,0.0684931506849,0.292243713503
2,0,0,6200,1.0,sem,24.0,0.5,amarelo,0.0,0.984749535283
2,0,0,6200,1.0,sem,24.0,0.5,azul,0.897289586305,0.758814517468
2,0,0,6200,1.0,sem,24.0,0.5,vermelho,0.328767123288,0.962293228846
2,0,0,6200,1.0,campo,24.0,0.5,amarelo,0.0,0.275148264406
2,0,0,6200,1.0,campo,24.0,0.5,azul,0.897289586305,0.324927183121
2,0,0,6200,1.0,campo,24.0,0.5,vermelho,0.328767123288,0.214237848671
2,0,0,6200,1.5,sem,24.0,0.5,amarelo,0.997347480106,9.36483807464
2,0,0,6200,1.5,sem,24.0,0.5,azul,1.0,
2,0,0,6200,1.5,sem,24.0,0.5,vermelho,0.986301369863,7.60998057342
2,0,0,6200,1.5,campo,24.0,0.5,amarelo,0.997347480106,2.44505810655
2,0,0,6200,1.5,campo,24.0,0.5,azul,1.0,
2,0,0,6200,1.5,campo,24.0,0.5,vermelho,0.986301369863,1.848814902
2,0,0,7000,0.4,sem,24.0,0.5,amarelo,0.0,20.9199305652
2,0,0,7000,0.4,sem,24.0,0.5,azul,0.897289586305,20.5965319328
2,0,0,7000,0.4,sem,24.0,0.5,vermelho,0.0684931506849,18.7161977104
2,0,0,7000,0.4,campo,24.0,0.5,amarelo,0.0,0.331083395642
2,0,0,7000,0.4,campo,24.0,0.5,azul,0.897289586305,0.260446382175
2,0,0,7000,0.4,campo,24.0,0.5,vermelho,0.0684931506849,0.307125608807
2,0,0,7000,1.0,sem,24.0,0.5,amarelo,0.0,1.33688601049
2,0,0,7000,1.0,sem,24.0,0.5,azul,0.990014265335,0.842501604596
2,0,0,7000,1.0,sem,24.0,0.5,vermelho,0.0684931506849,1.36449641872
2,0,0,7000,1.0,campo,24.0,0.5,amarelo,0.0,0.0
2,0,0,7000,1.0,campo,24.0,0.5,azul,0.990014265335,0.143508120273
2,0,0,7000,1.0,campo,24.0,0.5,vermelho,0.0684931506849,0.212924335402
2,0,0,7000,1.5,sem,24.0,0.5,amarelo,0.994694960212,8.88456975414
2,0,0,7000,1.5,sem,24.0,0.5,azul,1.0,
2,0,0,7000,1.5,sem,24.0,0.5,vermelho,0.958904109589,8.43995272017
2,0,0,7000,1.5,campo,24.0,0.5,amarelo,0.994694960212,4.2307644454
2,0,0,7000,1.5,campo,24.0,0.5,azul,1.0,
2,0,0,7000,1.5,campo,24.0,0.5,vermelho,0.958904109589,4.45457975191
2,0,0,8000,0.4,sem,24.0,0.5,amarelo,0.0,21.5285633846
2,0,0,8000,0.4,sem,24.0,0.5,azul,0.897289586305,20.3326229396
2,0,0,8000,0.4,sem,24.0,0.5,vermelho,0.0684931506849,19.7755199027
2,0,0,8000,0.4,campo,24.0,0.5,amarelo,0.0,0.351215483006
2,0,0,8000,0.4,campo,24.0,0.5,azul,0.897289586305,0.192189435742
2,0,0,8000,0.4,campo,24.0,0.5,vermelho,0.0684931506849,0.387495388033
2,0,0,8000,1.0,sem,24.0,0.5,amarelo,0.0,3.49809883935
2,0,0,8000,1.0,sem,24.0,0.5,azul,1.0,
2,0,0,8000,1.0,sem,24.0,0.5,vermelho,0.0684931506849,3.5642982616
2,0,0,8000,1.0,campo,24.0,0.5,amarelo,0.0,0.163830119837
2,0,0,8000,1.0,campo,24.0,0.5,azul,1.0,
2,0,0,8000,1.0,campo,24.0,0.5,vermelho,0.0684931506849,0.304360189244
2,0,0,8000,1.5,sem,24.0,0.5,amarelo,0.984084880637,9.02310891626
2,0,0,8000,1.5,sem,24.0,0.5,azul,1.0,
2,0,0,8000,1.5,sem,24.0,0.5,vermelho,0.945205479452,7.65831126008
2,0,0,8000,1.5,campo,24.0,0.5,amarelo,0.984084880637,4.46584831291
2,0,0,8000,1.5,campo,24.0,0.5,azul,1.0,
2,0,0,8000,1.5,campo,24.0,0.5,vermelho,0.945205479452,4.87117040528
2,0,200,6200,0.4,sem,24.0,0.5,amarelo,0.0,20.4053754139
2,0,200,6200,0.4,sem,24.0,0.5,azul,0.911554921541,20.9156998204
2,0,200,6200,0.4,sem,24.0,0.5,vermelho,0.0958904109589,17.8422023409
2,0,200,6200,0.4,campo,24.0,0.5,amarelo,0.0,0.356713269086
2,0,200,6200,0.4,campo,24.0,0.5,azul,0.911554921541,0.254304718023
2,0,200,6200,0.4,campo,24.0,0.5,vermelho,0.0958904109589,0.329891700001
2,0,200,6200,1.0,sem,24.0,0.5,amarelo,0.0,0.983616416081
2,0,200,6200,1.0,sem,24.0,0.5,azul,0.911554921541,0.76445885533
2,0,200,6200,1.0,sem,24.0,0.5,vermelho,0.301369863014,0.959441663266
2,0,200,6200,1.0,campo,24.0,0.5,amarelo,0.0,0.275604188371
2,0,200,6200,1.0,campo,24.0,0.5,azul,0.911554921541,0.111314137047
2,0,200,6200,1.0,campo,24.0,0.5,vermelho,0.301369863014,0.276093884057
2,0,200,6200,1.5,sem,24.0,0.5,amarelo,0.997347480106,9.376336984
2,0,200,6200,1.5,sem,24.0,0.5,azul,1.0,
2,0,200,6200,1.5,sem,24.0,0.5,vermelho,0.958904109589,9.61061251561
2,0,200,6200,1.5,campo,24.0,0.5,amarelo,0.997347480106,2.55180301418
2,0,200,6200,1.5,campo,24.0,0.5,azul,1.0,
2,0,200,6200,1.5,campo,24.0,0.5,vermelho,0.958904109589,2.17449028699
2,0,200,7000,0.4,sem,24.0,0.5,amarelo,0.0,20.9114012093
2,0,200,7000,0.4,sem,24.0,0.5,azul,0.911554921541,20.5884699117
2,0,200,7000,0.4,sem,24.0,0.5,vermelho,0.0958904109589,18.7084605114
2,0,200,7000,0.4,campo,24.0,0.5,amarelo,0.0,0.324655201161
2,0,200,7000,0.4,campo,24.0,0.5,azul,0.911554921541,0.278941874233
2,0,200,7000,0.4,campo,24.0,0.5,vermelho,0.0958904109589,0.496443590642
2,0,200,7000,1.0,sem,24.0,0.5,amarelo,0.0,1.33568322777
2,0,200,7000,1.0,sem,24.0,0.5,azul,0.990014265335,1.0722519084
2,0,200,7000,1.0,sem,24.0,0.5,vermelho,0.0958904109589,1.36739566563
2,0,200,7000,1.0,campo,24.0,0.5,amarelo,0.0,0.0
2,0,200,7000,1.0,campo,24.0,0.5,azul,0.990014265335,0.109668158669
2,0,200,7000,1.0,campo,24.0,0.5,vermelho,0.0958904109589,0.265481965597
2,0,200,7000,1.5,sem,24.0,0.5,amarelo,0.992042440318,8.96631048311
2,0,200,7000,1.5,sem,24.0,0.5,azul,1.0,
2,0,200,7000,1.5,sem,24.0,0.5,vermelho,0.958904109589,8.34536983832
2,0,200,7000,1.5,campo,24.0,0.5,amarelo,0.992042440318,4.12185789444
2,0,200,7000,1.5,campo,24.0,0.5,azul,1.0,
2,0,200,7000,1.5,campo,24.0,0.5,vermelho,0.958904109589,3.87322718248
2,0,200,8000,0.4,sem,24.0,0.5,amarelo,0.0,21.5264367605
2,0,200,8000,0.4,sem,24.0,0.5,azul,0.911554921541,20.3371256556
2,0,200,8000,0.4,sem,24.0,0.5,vermelho,0.0958904109589,19.7568925642
2,0,200,8000,0.4,campo,24.0,0.5,amarelo,0.0,0.409139598698
2,0,200,8000,0.4,campo,24.0,0.5,azul,0.911554921541,0.272724798756
2,0,200,8000,0.4,campo,24.0,0.5,vermelho,0.0958904109589,0.434285528729
2,0,200,8000,1.0,sem,24.0,0.5,amarelo,0.0,3.49962589671
2,0,200,8000,1.0,sem,24.0,0.5,azul,1.0,
2,0,200,8000,1.0,sem,24.0,0.5,vermelho,0.0958904109589,3.54191036296
2,0,200,8000,1.0,campo,24.0,0.5,amarelo,0.0,0.163777907821
2,0,200,8000,1.0,campo,24.0,0.5,azul,1.0,
2,0,200,8000,1.0,campo,24.0,0.5,vermelho,0.0958904109589,0.268662812066
2,0,200,8000,1.5,sem,24.0,0.5,amarelo,0.984084880637,9.1364712219
2,0,200,8000,1.5,sem,24.0,0.5,azul,1.0,
2,0,200,8000,1.5,sem,24.0,0.5,vermelho,0.945205479452,7.60114495295
2,0,200,8000,1.5,campo,24.0,0.5,amarelo,0.984084880637,4.88805882615
2,0,200,8000,1.5,campo,24.0,0.5,azul,1.0,
2,0,200,8000,1.5,campo,24.0,0.5,vermelho,0.945205479452,5.05606570991
2,0,400,6200,0.4,sem,24.0,0.5,amarelo,0.0,20.4168441778
2,0,400,6200,0.4,sem,24.0,0.5,azul,0.902995720399,20.9106730749
2,0,400,6200,0.4,sem,24.0,0.5,vermelho,0.027397260274,17.7892787519
2,0,400,6200,0.4,campo,24.0,0.5,amarelo,0.0,0.40867323552
2,0,400,6200,0.4,campo,24.0,0.5,azul,0.902995720399,0.171684192246
2,0,400,6200,0.4,campo,24.0,0.5,vermelho,0.027397260274,0.299003802815
2,0,400,6200,1.0,sem,24.0,0.5,amarelo,0.0,0.982622677413
2,0,400,6200,1.0,sem,24.0,0.5,azul,0.902995720399,0.7851945199
2,0,400,6200,1.0,sem,24.0,0.5,vermelho,0.219178082192,0.955518634623
2,0,400,6200,1.0,campo,24.0,0.5,amarelo,0.0,0.276001876505
2,0,400,6200,1.0,campo,24.0,0.5,azul,0.902995720399,0.0
2,0,400,6200,1.0,campo,24.0,0.5,vermelho,0.219178082192,0.21230728471
2,0,400,6200,1.5,sem,24.0,0.5,amarelo,0.997347480106,9.32206713646
2,0,400,6200,1.5,sem,24.0,0.5,azul,1.0,
2,0,400,6200,1.5,sem,24.0,0.5,vermelho,0.958904109589,9.79271666599
2,0,400,6200,1.5,campo,24.0,0.5,amarelo,0.997347480106,2.38683811699
2,0,400,6200,1.5,campo,24.0,0.5,azul,1.0,
2,0,400,6200,1.5,campo,24.0,0.5,vermelho,0.958904109589,2.58681656179
2,0,400,7000,0.4,sem,24.0,0.5,amarelo,0.0,20.9223903336
2,0,400,7000,0.4,sem,24.0,0.5,azul,0.902995720399,20.5885970696
2,0,400,7000,0.4,sem,24.0,0.5,vermelho,0.027397260274,18.7368682358
2,0,400,7000,0.4,campo,24.0,0.5,amarelo,0.0,0.332798959999
2,0,400,7000,0.4,campo,24.0,0.5,azul,0.902995720399,0.229614112605
2,0,400,7000,0.4,campo,24.0,0.5,vermelho,0.027397260274,0.31812032125
2,0,400,7000,1.0,sem,24.0,0.5,amarelo,0.0,1.33551031828
2,0,400,7000,1.0,sem,24.0,0.5,azul,0.987161198288,0.959676342338
2,0,400,7000,1.0,sem,24.0,0.5,vermelho,0.027397260274,1.35997415419
2,0,400,7000,1.0,campo,24.0,0.5,amarelo,0.0,0.0
2,0,400,7000,1.0,campo,24.0,0.5,azul,0.987161198288,0.0
2,0,400,7000,1.0,campo,24.0,0.5,vermelho,0.027397260274,0.211088265319
2,0,400,7000,1.5,sem,24.0,0.5,amarelo,0.992042440318,8.9110506468
2,0,400,7000,1.5,sem,24.0,0.5,azul,1.0,
2,0,400,7000,1.5,sem,24.0,0.5,vermelho,0.945205479452,8.21945781472
2,0,400,7000,1.5,campo,24.0,0.5,amarelo,0.992042440318,4.01194985902
2,0,400,7000,1.5,campo,24.0,0.5,azul,1.0,
2,0,400,7000,1.5,campo,24.0,0.5,vermelho,0.945205479452,4.34972352822
2,0,400,8000,0.4,sem,24.0,0.5,amarelo,0.0,21.532485258
2,0,400,8000,0.4,sem,24.0,0.5,azul,0.902995720399,20.3185546905
2,0,400,8000,0.4,sem,24.0,0.5,vermelho,0.027397260274,19.8016672628
2,0,400,8000,0.4,campo,24.0,0.5,amarelo,0.0,0.351775467904
2,0,400,8000,0.4,campo,24.0,0.5,azul,0.902995720399,0.133341412484
2,0,400,8000,0.4,campo,24.0,0.5,vermelho,0.027397260274,0.421083847751
2,0,400,8000,1.0,sem,24.0,0.5,amarelo,0.0,3.49794255902
2,0,400,8000,1.0,sem,24.0,0.5,azul,1.0,
2,0,400,8000,1.0,sem,24.0,0.5,vermelho,0.027397260274,3.52636501767
2,0,400,8000,1.0,campo,24.0,0.5,amarelo,0.0,0.163830119837
2,0,400,8000,1.0,campo,24.0,0.5,azul,1.0,
2,0,400,8000,1.0,campo,24.0,0.5,vermelho,0.027397260274,0.214895028309
2,0,400,8000,1.5,sem,24.0,0.5,amarelo,0.984084880637,9.0946795854
2,0,400,8000,1.5,sem,24.0,0.5,azul,1.0,
2,0,400,8000,1.5,sem,24.0,0.5,vermelho,0.945205479452,7.45212630919
2,0,400,8000,1.5,campo,24.0,0.5,amarelo,0.984084880637,4.67630633758
2,0,400,8000,1.5,campo,24.0,0.5,azul,1.0,
2,0,400,8000,1.5,campo,24.0,0.5,vermelho,0.945205479452,4.76969819731
2,0,600,6200,0.4,sem,24.0,0.5,amarelo,0.0,20.4075017438
2,0,600,6200,0.4,sem,24.0,0.5,azul,0.904422253923,20.9057305986
2,0,600,6200,0.4,sem,24.0,0.5,vermelho,0.013698630137,17.731436291
2,0,600,6200,0.4,campo,24.0,0.5,amarelo,0.0,0.338720282543
2,0,600,6200,0.4,campo,24.0,0.5,azul,0.904422253923,0.279861200606
2,0,600,6200,0.4,campo,24.0,0.5,vermelho,0.013698630137,0.210534052665
2,0,600,6200,1.0,sem,24.0,0.5,amarelo,0.0,0.983042406413
2,0,600,6200,1.0,sem,24.0,0.5,azul,0.904422253923,0.808872779197
2,0,600,6200,1.0,sem,24.0,0.5,vermelho,0.150684931507,0.953106786515
2,0,600,6200,1.0,campo,24.0,0.5,amarelo,0.0,0.275604188371
2,0,600,6200,1.0,campo,24.0,0.5,azul,0.904422253923,0.0944935896245
2,0,600,6200,1.0,campo,24.0,0.5,vermelho,0.150684931507,0.212073848228
2,0,600,6200,1.5,sem,24.0,0.5,amarelo,0.997347480106,9.47187181918
2,0,600,6200,1.5,sem,24.0,0.5,azul,1.0,
2,0,600,6200,1.5,sem,24.0,0.5,vermelho,0.972602739726,8.99119278412
2,0,600,6200,1.5,campo,24.0,0.5,amarelo,0.997347480106,2.55951621861
2,0,600,6200,1.5,campo,24.0,0.5,azul,1.0,
2,0,600,6200,1.5,campo,24.0,0.5,vermelho,0.972602739726,2.29139116302
2,0,600,7000,0.4,sem,24.0,0.5,amarelo,0.0,20.9080374679
2,0,600,7000,0.4,sem,24.0,0.5,azul,0.904422253923,20.5836138062
2,0,600,7000,0.4,sem,24.0,0.5,vermelho,0.013698630137,18.6631533047
2,0,600,7000,0.4,campo,24.0,0.5,amarelo,0.0,0.271774661288
2,0,600,7000,0.4,campo,24.0,0.5,azul,0.904422253923,0.279083495638
2,0,600,7000,0.4,campo,24.0,0.5,vermelho,0.013698630137,0.207593241322
2,0,600,7000,1.0,sem,24.0,0.5,amarelo,0.0,1.33568322777
2,0,600,7000,1.0,sem,24.0,0.5,azul,0.987161198288,0.868518173791
2,0,600,7000,1.0,sem,24.0,0.5,vermelho,0.013698630137,1.35884827179
2,0,600,7000,1.0,campo,24.0,0.5,amarelo,0.0,0.0
2,0,600,7000,1.0,campo,24.0,0.5,azul,0.987161198288,0.112043815578
2,0,600,7000,1.0,campo,24.0,0.5,vermelho,0.013698630137,0.0
2,0,600,7000,1.5,sem,24.0,0.5,amarelo,0.994694960212,9.03694741993
2,0,600,7000,1.5,sem,24.0,0.5,azul,1.0,
2,0,600,7000,1.5,sem,24.0,0.5,vermelho,0.945205479452,8.41133304116
2,0,600,7000,1.5,campo,24.0,0.5,amarelo,0.994694960212,4.16568682824
2,0,600,7000,1.5,campo,24.0,0.5,azul,1.0,
2,0,600,7000,1.5,campo,24.0,0.5,vermelho,0.945205479452,4.38826084593
2,0,600,8000,0.4,sem,24.0,0.5,amarelo,0.0,21.5231085436
2,0,600,8000,0.4,sem,24.0,0.5,azul,0.904422253923,20.3393826243
2,0,600,8000,0.4,sem,24.0,0.5,vermelho,0.013698630137,19.7320005223
2,0,600,8000,0.4,campo,24.0,0.5,amarelo,0.0,0.339237101744
2,0,600,8000,0.4,campo,24.0,0.5,azul,0.904422253923,0.2794007133
2,0,600,8000,0.4,campo,24.0,0.5,vermelho,0.013698630137,0.156872965473
2,0,600,8000,1.0,sem,24.0,0.5,amarelo,0.0,3.49993377518
2,0,600,8000,1.0,sem,24.0,0.5,azul,1.0,
2,0,600,8000,1.0,sem,24.0,0.5,vermelho,0.013698630137,3.52332134351
2,0,600,8000,1.0,campo,24.0,0.5,amarelo,0.0,0.280439265978
2,0,600,8000,1.0,campo,24.0,0.5,azul,1.0,
2,0,600,8000,1.0,campo,24.0,0.5,vermelho,0.013698630137,0.271193197707
2,0,600,8000,1.5,sem,24.0,0.5,amarelo,0.989389920424,9.09940329951
2,0,600,8000,1.5,sem,24.0,0.5,azul,1.0,
2,0,600,8000,1.5,sem,24.0,0.5,vermelho,0.945205479452,7.55456100731
2,0,600,8000,1.5,campo,24.0,0.5,amarelo,0.989389920424,4.88026486719
2,0,600,8000,1.5,campo,24.0,0.5,azul,1.0,
2,0,600,8000,1.5,campo,24.0,0.5,vermelho,0.945205479452,5.5802188101
2,0,800,6200,0.4,sem,24.0,0.5,amarelo,0.0,20.4153528985
2,0,800,6200,0.4,sem,24.0,0.5,azul,0.904422253923,20.8962428412
2,0,800,6200,0.4,sem,24.0,0.5,vermelho,0.123287671233,17.74342658
2,0,800,6200,0.4,campo,24.0,0.5,amarelo,0.0,0.38655637391
2,0,800,6200,0.4,campo,24.0,0.5,azul,0.904422253923,0.172733982492
2,0,800,6200,0.4,campo,24.0,0.5,vermelho,0.123287671233,0.294711861494
2,0,800,6200,1.0,sem,24.0,0.5,amarelo,0.0,0.984749535283
2,0,800,6200,1.0,sem,24.0,0.5,azul,0.904422253923,0.796066453033
2,0,800,6200,1.0,sem,24.0,0.5,vermelho,0.342465753425,0.955994232655
2,0,800,6200,1.0,campo,24.0,0.5,amarelo,0.0,0.275309061999
2,0,800,6200,1.0,campo,24.0,0.5,azul,0.904422253923,0.0
2,0,800,6200,1.0,campo,24.0,0.5,vermelho,0.342465753425,0.214185796145
2,0,800,6200,1.5,sem,24.0,0.5,amarelo,0.997347480106,9.37973857156
2,0,800,6200,1.5,sem,24.0,0.5,azul,1.0,
2,0,800,6200,1.5,sem,24.0,0.5,vermelho,0.972602739726,8.78378700822
2,0,800,6200,1.5,campo,24.0,0.5,amarelo,0.997347480106,2.10559528951
2,0,800,6200,1.5,campo,24.0,0.5,azul,1.0,
2,0,800,6200,1.5,campo,24.0,0.5,vermelho,0.972602739726,1.76428153864
2,0,800,7000,0.4,sem,24.0,0.5,amarelo,0.0,20.9223903336
2,0,800,7000,0.4,sem,24.0,0.5,azul,0.904422253923,20.5936749216
2,0,800,7000,0.4,sem,24.0,0.5,vermelho,0.123287671233,18.6759085539
2,0,800,7000,0.4,campo,24.0,0.5,amarelo,0.0,0.329469423755
2,0,800,7000,0.4,campo,24.0,0.5,azul,0.904422253923,0.249588909347
2,0,800,7000,0.4,campo,24.0,0.5,vermelho,0.123287671233,0.312889241558
2,0,800,7000,1.0,sem,24.0,0.5,amarelo,0.0,1.33702937424
2,0,800,7000,1.0,sem,24.0,0.5,azul,0.990014265335,0.833746429591
2,0,800,7000,1.0,sem,24.0,0.5,vermelho,0.123287671233,1.36212760027
2,0,800,7000,1.0,campo,24.0,0.5,amarelo,0.0,0.0
2,0,800,7000,1.0,campo,24.0,0.5,azul,0.990014265335,0.0
2,0,800,7000,1.0,campo,24.0,0.5,vermelho,0.123287671233,0.212387363199
2,0,800,7000,1.5,sem,24.0,0.5,amarelo,0.994694960212,8.8858954117
2,0,800,7000,1.5,sem,24.0,0.5,azul,1.0,
2,0,800,7000,1.5,sem,24.0,0.5,vermelho,0.945205479452,8.49695229725
2,0,800,7000,1.5,campo,24.0,0.5,amarelo,0.994694960212,3.84506891864
2,0,800,7000,1.5,campo,24.0,0.5,azul,1.0,
2,0,800,7000,1.5,campo,24.0,0.5,vermelho,0.945205479452,4.244556312
2,0,800,8000,0.4,sem,24.0,0.5,amarelo,0.0,21.5285633846
2,0,800,8000,0.4,sem,24.0,0.5,azul,0.904422253923,20.3477336663
2,0,800,8000,0.4,sem,24.0,0.5,vermelho,0.123287671233,19.6530686557
2,0,800,8000,0.4,campo,24.0,0.5,amarelo,0.0,0.364155068334
2,0,800,8000,0.4,campo,24.0,0.5,azul,0.904422253923,0.183205224025
2,0,800,8000,0.4,campo,24.0,0.5,vermelho,0.123287671233,0.357215345074
2,0,800,8000,1.0,sem,24.0,0.5,amarelo,0.0,3.49993377518
2,0,800,8000,1.0,sem,24.0,0.5,azul,1.0,
2,0,800,8000,1.0,sem,24.0,0.5,vermelho,0.123287671233,3.53277300959
2,0,800,8000,1.0,campo,24.0,0.5,amarelo,0.0,0.164400930937
2,0,800,8000,1.0,campo,24.0,0.5,azul,1.0,
2,0,800,8000,1.0,campo,24.0,0.5,vermelho,0.123287671233,0.231153164649
2,0,800,8000,1.5,sem,24.0,0.5,amarelo,0.986737400531,8.99930299917
2,0,800,8000,1.5,sem,24.0,0.5,azul,1.0,
2,0,800,8000,1.5,sem,24.0,0.5,vermelho,0.945205479452,7.55376863657
2,0,800,8000,1.5,campo,24.0,0.5,amarelo,0.986737400531,4.57686426744
2,0,800,8000,1.5,campo,24.0,0.5,azul,1.0,
2,0,800,8000,1.5,campo,24.0,0.5,vermelho,0.945205479452,5.2510287664
2,1,0,6200,0.4,sem,24.0,0.5,amarelo,0.0,20.4166512463
2,1,0,6200,0.4,sem,24.0,0.5,azul,0.896551724138,20.9009012468
2,1,0,6200,0.4,sem,24.0,0.5,vermelho,0.21875,18.1794198123
2,1,0,6200,0.4,campo,24.0,0.5,amarelo,0.0,0.36078467875
2,1,0,6200,0.4,campo,24.0,0.5,azul,0.896551724138,0.193383284912
2,1,0,6200,0.4,campo,24.0,0.5,vermelho,0.21875,0.324884011589
2,1,0,6200,1.0,sem,24.0,0.5,amarelo,0.0,0.986822481068
2,1,0,6200,1.0,sem,24.0,0.5,azul,0.896551724138,0.939802437222
2,1,0,6200,1.0,sem,24.0,0.5,vermelho,0.53125,0.929993324021
2,1,0,6200,1.0,campo,24.0,0.5,amarelo,0.0,0.276689700201
2,1,0,6200,1.0,campo,24.0,0.5,azul,0.896551724138,0.390451159023
2,1,0,6200,1.0,campo,24.0,0.5,vermelho,0.53125,0.206910485952
2,1,0,6200,1.5,sem,24.0,0.5,amarelo,0.966666666667,9.40613152124
2,1,0,6200,1.5,sem,24.0,0.5,azul,1.0,
2,1,0,6200,1.5,sem,24.0,0.5,vermelho,0.96875,9.54438847775
2,1,0,6200,1.5,campo,24.0,0.5,amarelo,0.966666666667,2.48828267497
2,1,0,6200,1.5,campo,24.0,0.5,azul,1.0,
2,1,0,6200,1.5,campo,24.0,0.5,vermelho,0.96875,2.37412342998
2,1,0,7000,0.4,sem,24.0,0.5,amarelo,0.0,20.9190898492
2,1,0,7000,0.4,sem,24.0,0.5,azul,0.896551724138,20.6028863857
2,1,0,7000,0.4,sem,24.0,0.5,vermelho,0.21875,19.1210247012
2,1,0,7000,0.4,campo,24.0,0.5,amarelo,0.0,0.331034632225
2,1,0,7000,0.4,campo,24.0,0.5,azul,0.896551724138,0.198718510377
2,1,0,7000,0.4,campo,24.0,0.5,vermelho,0.21875,0.377677786783
2,1,0,7000,1.0,sem,24.0,0.5,amarelo,0.0,1.34220496516
2,1,0,7000,1.0,sem,24.0,0.5,azul,0.992337164751,1.18217169802
2,1,0,7000,1.0,sem,24.0,0.5,vermelho,0.21875,1.32137780733
2,1,0,7000,1.0,campo,24.0,0.5,amarelo,0.0,0.0
2,1,0,7000,1.0,campo,24.0,0.5,azul,0.992337164751,0.198584091043
2,1,0,7000,1.0,campo,24.0,0.5,vermelho,0.21875,0.205109232818
2,1,0,7000,1.5,sem,24.0,0.5,amarelo,0.94358974359,8.98196626942
2,1,0,7000,1.5,sem,24.0,0.5,azul,1.0,
2,1,0,7000,1.5,sem,24.0,0.5,vermelho,0.96875,8.09363224332
2,1,0,7000,1.5,campo,24.0,0.5,amarelo,0.94358974359,4.25493154322
2,1,0,7000,1.5,campo,24.0,0.5,azul,1.0,
2,1,0,7000,1.5,campo,24.0,0.5,vermelho,0.96875,4.94357616838
2,1,0,8000,0.4,sem,24.0,0.5,amarelo,0.0,21.5278735147
2,1,0,8000,0.4,sem,24.0,0.5,azul,0.896551724138,20.429579933
2,1,0,8000,0.4,sem,24.0,0.5,vermelho,0.21875,20.1635316152
2,1,0,8000,0.4,campo,24.0,0.5,amarelo,0.0,0.35824445888
2,1,0,8000,0.4,campo,24.0,0.5,azul,0.896551724138,0.198184898894
2,1,0,8000,0.4,campo,24.0,0.5,vermelho,0.21875,0.445397081241
2,1,0,8000,1.0,sem,24.0,0.5,amarelo,0.0,3.46596578539
2,1,0,8000,1.0,sem,24.0,0.5,azul,1.0,
2,1,0,8000,1.0,sem,24.0,0.5,vermelho,0.21875,3.43380147225
2,1,0,8000,1.0,campo,24.0,0.5,amarelo,0.0,0.164022678232
2,1,0,8000,1.0,campo,24.0,0.5,azul,1.0,
2,1,0,8000,1.0,campo,24.0,0.5,vermelho,0.21875,0.218532329589
2,1,0,8000,1.5,sem,24.0,0.5,amarelo,0.916666666667,9.14485898544
2,1,0,8000,1.5,sem,24.0,0.5,azul,1.0,
2,1,0,8000,1.5,sem,24.0,0.5,vermelho,0.96875,7.01300117847
2,1,0,8000,1.5,campo,24.0,0.5,amarelo,0.916666666667,4.43635863611
2,1,0,8000,1.5,campo,24.0,0.5,azul,1.0,
2,1,0,8000,1.5,campo,24.0,0.5,vermelho,0.96875,5.6156636872
2,1,200,6200,0.4,sem,24.0,0.5,amarelo,0.0,20.4133353284
2,1,200,6200,0.4,sem,24.0,0.5,azul,0.892720306513,20.9147604098
2,1,200,6200,0.4,sem,24.0,0.5,vermelho,0.1875,18.1432206074
2,1,200,6200,0.4,campo,24.0,0.5,amarelo,0.0,0.340860083913
2,1,200,6200,0.4,campo,24.0,0.5,azul,0.892720306513,0.289606456011
2,1,200,6200,0.4,campo,24.0,0.5,vermelho,0.1875,0.33396059558
2,1,200,6200,1.0,sem,24.0,0.5,amarelo,0.0,0.984749535283
2,1,200,6200,1.0,sem,24.0,0.5,azul,0.892720306513,0.93625607266
2,1,200,6200,1.0,sem,24.0,0.5,vermelho,0.4375,0.940024717991
2,1,200,6200,1.0,campo,24.0,0.5,amarelo,0.0,0.276665011515
2,1,200,6200,1.0,campo,24.0,0.5,azul,0.892720306513,0.0966395757314
2,1,200,6200,1.0,campo,24.0,0.5,vermelho,0.4375,0.280134648799
2,1,200,6200,1.5,sem,24.0,0.5,amarelo,0.971794871795,9.40759261214
2,1,200,6200,1.5,sem,24.0,0.5,azul,1.0,
2,1,200,6200,1.5,sem,24.0,0.5,vermelho,0.96875,9.56282220593
2,1,200,6200,1.5,campo,24.0,0.5,amarelo,0.971794871795,2.49244193126
2,1,200,6200,1.5,campo,24.0,0.5,azul,1.0,
2,1,200,6200,1.5,campo,24.0,0.5,vermelho,0.96875,2.22922248674
2,1,200,7000,0.4,sem,24.0,0.5,amarelo,0.0,20.9199305652
2,1,200,7000,0.4,sem,24.0,0.5,azul,0.892720306513,20.6002650966
2,1,200,7000,0.4,sem,24.0,0.5,vermelho,0.1875,18.9875978682
2,1,200,7000,0.4,campo,24.0,0.5,amarelo,0.0,0.323650055125
2,1,200,7000,0.4,campo,24.0,0.5,azul,0.892720306513,0.292567540785
2,1,200,7000,0.4,campo,24.0,0.5,vermelho,0.1875,0.543491185721
2,1,200,7000,1.0,sem,24.0,0.5,amarelo,0.0,1.33892035624
2,1,200,7000,1.0,sem,24.0,0.5,azul,0.988505747126,1.40086910634
2,1,200,7000,1.0,sem,24.0,0.5,vermelho,0.1875,1.32353005852
2,1,200,7000,1.0,campo,24.0,0.5,amarelo,0.0,0.0
2,1,200,7000,1.0,campo,24.0,0.5,azul,0.988505747126,0.0950124979761
2,1,200,7000,1.0,campo,24.0,0.5,vermelho,0.1875,0.267727997506
2,1,200,7000,1.5,sem,24.0,0.5,amarelo,0.947435897436,8.9597534748
2,1,200,7000,1.5,sem,24.0,0.5,azul,1.0,
2,1,200,7000,1.5,sem,24.0,0.5,vermelho,0.96875,8.1573490977
2,1,200,7000,1.5,campo,24.0,0.5,amarelo,0.947435897436,4.0905437426
2,1,200,7000,1.5,campo,24.0,0.5,azul,1.0,
2,1,200,7000,1.5,campo,24.0,0.5,vermelho,0.96875,4.40917438059
2,1,200,8000,0.4,sem,24.0,0.5,amarelo,0.0,21.5248897614
2,1,200,8000,0.4,sem,24.0,0.5,azul,0.892720306513,20.4405938028
2,1,200,8000,0.4,sem,24.0,0.5,vermelho,0.1875,20.0515971684
2,1,200,8000,0.4,campo,24.0,0.5,amarelo,0.0,0.341728974857
2,1,200,8000,0.4,campo,24.0,0.5,azul,0.892720306513,0.281317489184
2,1,200,8000,0.4,campo,24.0,0.5,vermelho,0.1875,0.510190948476
2,1,200,8000,1.0,sem,24.0,0.5,amarelo,0.0,3.46588686163
2,1,200,8000,1.0,sem,24.0,0.5,azul,1.0,
2,1,200,8000,1.0,sem,24.0,0.5,vermelho,0.1875,3.42370878418
2,1,200,8000,1.0,campo,24.0,0.5,amarelo,0.0,0.16295424306
2,1,200,8000,1.0,campo,24.0,0.5,azul,1.0,
2,1,200,8000,1.0,campo,24.0,0.5,vermelho,0.1875,0.273428527058
2,1,200,8000,1.5,sem,24.0,0.5,amarelo,0.919230769231,9.15658496918
2,1,200,8000,1.5,sem,24.0,0.5,azul,1.0,
2,1,200,8000,1.5,sem,24.0,0.5,vermelho,0.96875,7.30254964298
2,1,200,8000,1.5,campo,24.0,0.5,amarelo,0.919230769231,4.87329444523
2,1,200,8000,1.5,campo,24.0,0.5,azul,1.0,
2,1,200,8000,1.5,campo,24.0,0.5,vermelho,0.96875,5.94493034687
2,1,400,6200,0.4,sem,24.0,0.5,amarelo,0.0,20.4115996547
2,1,400,6200,0.4,sem,24.0,0.5,azul,0.892720306513,20.8756468262
2,1,400,6200,0.4,sem,24.0,0.5,vermelho,0.15625,17.9944816778
2,1,400,6200,0.4,campo,24.0,0.5,amarelo,0.0,0.354626385478
2,1,400,6200,0.4,campo,24.0,0.5,azul,0.892720306513,0.162357608827
2,1,400,6200,0.4,campo,24.0,0.5,vermelho,0.15625,0.300664207356
2,1,400,6200,1.0,sem,24.0,0.5,amarelo,0.0,0.986181614809
2,1,400,6200,1.0,sem,24.0,0.5,azul,0.892720306513,0.900173538887
2,1,400,6200,1.0,sem,24.0,0.5,vermelho,0.28125,0.93896786614
2,1,400,6200,1.0,campo,24.0,0.5,amarelo,0.0,0.276806123467
2,1,400,6200,1.0,campo,24.0,0.5,azul,0.892720306513,0.0
2,1,400,6200,1.0,campo,24.0,0.5,vermelho,0.28125,0.209905226529
2,1,400,6200,1.5,sem,24.0,0.5,amarelo,0.966666666667,9.41647546449
2,1,400,6200,1.5,sem,24.0,0.5,azul,1.0,
2,1,400,6200,1.5,sem,24.0,0.5,vermelho,1.0,
2,1,400,6200,1.5,campo,24.0,0.5,amarelo,0.966666666667,2.47443911529
2,1,400,6200,1.5,campo,24.0,0.5,azul,1.0,
2,1,400,6200,1.5,campo,24.0,0.5,vermelho,1.0,
2,1,400,7000,0.4,sem,24.0,0.5,amarelo,0.0,20.9089603997
2,1,400,7000,0.4,sem,24.0,0.5,azul,0.892720306513,20.5775175383
2,1,400,7000,0.4,sem,24.0,0.5,vermelho,0.15625,18.8832585127
2,1,400,7000,0.4,campo,24.0,0.5,amarelo,0.0,0.314097337109
2,1,400,7000,0.4,campo,24.0,0.5,azul,0.892720306513,0.202524420313
2,1,400,7000,0.4,campo,24.0,0.5,vermelho,0.15625,0.399297485536
2,1,400,7000,1.0,sem,24.0,0.5,amarelo,0.0,1.34067236241
2,1,400,7000,1.0,sem,24.0,0.5,azul,0.980842911877,1.30405093726
2,1,400,7000,1.0,sem,24.0,0.5,vermelho,0.15625,1.34600393632
2,1,400,7000,1.0,campo,24.0,0.5,amarelo,0.0,0.0
2,1,400,7000,1.0,campo,24.0,0.5,azul,0.980842911877,0.0
2,1,400,7000,1.0,campo,24.0,0.5,vermelho,0.15625,0.207758797891
2,1,400,7000,1.5,sem,24.0,0.5,amarelo,0.939743589744,8.97508185492
2,1,400,7000,1.5,sem,24.0,0.5,azul,1.0,
2,1,400,7000,1.5,sem,24.0,0.5,vermelho,0.96875,8.31360567628
2,1,400,7000,1.5,campo,24.0,0.5,amarelo,0.939743589744,3.95531010478
2,1,400,7000,1.5,campo,24.0,0.5,azul,1.0,
2,1,400,7000,1.5,campo,24.0,0.5,vermelho,0.96875,4.74459069324
2,1,400,8000,0.4,sem,24.0,0.5,amarelo,0.0,21.5146079374
2,1,400,8000,0.4,sem,24.0,0.5,azul,0.892720306513,20.3912690966
2,1,400,8000,0.4,sem,24.0,0.5,vermelho,0.15625,19.896100341
2,1,400,8000,0.4,campo,24.0,0.5,amarelo,0.0,0.354626385478
2,1,400,8000,0.4,campo,24.0,0.5,azul,0.892720306513,0.19399557211
2,1,400,8000,0.4,campo,24.0,0.5,vermelho,0.15625,0.303039337387
2,1,400,8000,1.0,sem,24.0,0.5,amarelo,0.0,3.47171966914
2,1,400,8000,1.0,sem,24.0,0.5,azul,1.0,
2,1,400,8000,1.0,sem,24.0,0.5,vermelho,0.15625,3.48946238747
2,1,400,8000,1.0,campo,24.0,0.5,amarelo,0.0,0.164490869993
2,1,400,8000,1.0,campo,24.0,0.5,azul,1.0,
2,1,400,8000,1.0,campo,24.0,0.5,vermelho,0.15625,0.214465176266
2,1,400,8000,1.5,sem,24.0,0.5,amarelo,0.915384615385,9.16406539129
2,1,400,8000,1.5,sem,24.0,0.5,azul,1.0,
2,1,400,8000,1.5,sem,24.0,0.5,vermelho,0.96875,7.09848857187
2,1,400,8000,1.5,campo,24.0,0.5,amarelo,0.915384615385,4.60951329167
2,1,400,8000,1.5,campo,24.0,0.5,azul,1.0,
2,1,400,8000,1.5,campo,24.0,0.5,vermelho,0.96875,6.37390224037
2,1,600,6200,0.4,sem,24.0,0.5,amarelo,0.0,20.4053754139
2,1,600,6200,0.4,sem,24.0,0.5,azul,0.888888888889,20.9007949979
2,1,600,6200,0.4,sem,24.0,0.5,vermelho,0.125,18.1682965482
2,1,600,6200,0.4,campo,24.0,0.5,amarelo,0.0,0.335712930149
2,1,600,6200,0.4,campo,24.0,0.5,azul,0.888888888889,0.293710697307
2,1,600,6200,0.4,campo,24.0,0.5,vermelho,0.125,0.20981249106
2,1,600,6200,1.0,sem,24.0,0.5,amarelo,0.0,0.985714169453
2,1,600,6200,1.0,sem,24.0,0.5,azul,0.888888888889,0.947468945383
2,1,600,6200,1.0,sem,24.0,0.5,vermelho,0.34375,0.950549132678
2,1,600,6200,1.0,campo,24.0,0.5,amarelo,0.0,0.276665011515
2,1,600,6200,1.0,campo,24.0,0.5,azul,0.888888888889,0.09487809187
2,1,600,6200,1.0,campo,24.0,0.5,vermelho,0.34375,0.206321769182
2,1,600,6200,1.5,sem,24.0,0.5,amarelo,0.967948717949,9.39794331849
2,1,600,6200,1.5,sem,24.0,0.5,azul,1.0,
2,1,600,6200,1.5,sem,24.0,0.5,vermelho,0.96875,9.54628933707
2,1,600,6200,1.5,campo,24.0,0.5,amarelo,0.967948717949,2.51313856235
2,1,600,6200,1.5,campo,24.0,0.5,azul,1.0,
2,1,600,6200,1.5,campo,24.0,0.5,vermelho,0.96875,2.44953539197
2,1,600,7000,0.4,sem,24.0,0.5,amarelo,0.0,20.9223297403
2,1,600,7000,0.4,sem,24.0,0.5,azul,0.888888888889,20.5936411138
2,1,600,7000,0.4,sem,24.0,0.5,vermelho,0.125,19.0713419054
2,1,600,7000,0.4,campo,24.0,0.5,amarelo,0.0,0.27442565897
2,1,600,7000,0.4,campo,24.0,0.5,azul,0.888888888889,0.288749355118
2,1,600,7000,0.4,campo,24.0,0.5,vermelho,0.125,0.2841210278
2,1,600,7000,1.0,sem,24.0,0.5,amarelo,0.0,1.33966064837
2,1,600,7000,1.0,sem,24.0,0.5,azul,0.973180076628,1.40700811355
2,1,600,7000,1.0,sem,24.0,0.5,vermelho,0.125,1.3508414394
2,1,600,7000,1.0,campo,24.0,0.5,amarelo,0.0,0.0
2,1,600,7000,1.0,campo,24.0,0.5,azul,0.973180076628,0.0
2,1,600,7000,1.0,campo,24.0,0.5,vermelho,0.125,0.0
2,1,600,7000,1.5,sem,24.0,0.5,amarelo,0.946153846154,8.95190107522
2,1,600,7000,1.5,sem,24.0,0.5,azul,1.0,
2,1,600,7000,1.5,sem,24.0,0.5,vermelho,0.96875,8.10212574447
2,1,600,7000,1.5,campo,24.0,0.5,amarelo,0.946153846154,4.11593190969
2,1,600,7000,1.5,campo,24.0,0.5,azul,1.0,
2,1,600,7000,1.5,campo,24.0,0.5,vermelho,0.96875,4.8868992285
2,1,600,8000,0.4,sem,24.0,0.5,amarelo,0.0,21.5274893449
2,1,600,8000,0.4,sem,24.0,0.5,azul,0.888888888889,20.4327927184
2,1,600,8000,0.4,sem,24.0,0.5,vermelho,0.125,20.07209591
2,1,600,8000,0.4,campo,24.0,0.5,amarelo,0.0,0.332068229493
2,1,600,8000,0.4,campo,24.0,0.5,azul,0.888888888889,0.283040213974
2,1,600,8000,0.4,campo,24.0,0.5,vermelho,0.125,0.158845856421
2,1,600,8000,1.0,sem,24.0,0.5,amarelo,0.0,3.46365531023
2,1,600,8000,1.0,sem,24.0,0.5,azul,1.0,
2,1,600,8000,1.0,sem,24.0,0.5,vermelho,0.125,3.50411506194
2,1,600,8000,1.0,campo,24.0,0.5,amarelo,0.0,0.28300974095
2,1,600,8000,1.0,campo,24.0,0.5,azul,1.0,
2,1,600,8000,1.0,campo,24.0,0.5,vermelho,0.125,0.271701986722
2,1,600,8000,1.5,sem,24.0,0.5,amarelo,0.919230769231,9.13775192478
2,1,600,8000,1.5,sem,24.0,0.5,azul,1.0,
2,1,600,8000,1.5,sem,24.0,0.5,vermelho,0.96875,6.92752810548
2,1,600,8000,1.5,campo,24.0,0.5,amarelo,0.919230769231,4.87652325665
2,1,600,8000,1.5,campo,24.0,0.5,azul,1.0,
2,1,600,8000,1.5,campo,24.0,0.5,vermelho,0.96875,6.70232206051
2,1,800,6200,0.4,sem,24.0,0.5,amarelo,0.0,20.4055557252
2,1,800,6200,0.4,sem,24.0,0.5,azul,0.908045977011,20.907913257
2,1,800,6200,0.4,sem,24.0,0.5,vermelho,0.1875,18.0539261539
2,1,800,6200,0.4,campo,24.0,0.5,amarelo,0.0,0.355250549631
2,1,800,6200,0.4,campo,24.0,0.5,azul,0.908045977011,0.179361802544
2,1,800,6200,0.4,campo,24.0,0.5,vermelho,0.1875,0.295948524302
2,1,800,6200,1.0,sem,24.0,0.5,amarelo,0.0,0.98670753292
2,1,800,6200,1.0,sem,24.0,0.5,azul,0.908045977011,0.900622561779
2,1,800,6200,1.0,sem,24.0,0.5,vermelho,0.40625,0.943555027111
2,1,800,6200,1.0,campo,24.0,0.5,amarelo,0.0,0.277023957923
2,1,800,6200,1.0,campo,24.0,0.5,azul,0.908045977011,0.0
2,1,800,6200,1.0,campo,24.0,0.5,vermelho,0.40625,0.210410282324
2,1,800,6200,1.5,sem,24.0,0.5,amarelo,0.967948717949,9.42544035933
2,1,800,6200,1.5,sem,24.0,0.5,azul,1.0,
2,1,800,6200,1.5,sem,24.0,0.5,vermelho,0.96875,9.5713678127
2,1,800,6200,1.5,campo,24.0,0.5,amarelo,0.967948717949,2.29428722105
2,1,800,6200,1.5,campo,24.0,0.5,azul,1.0,
2,1,800,6200,1.5,campo,24.0,0.5,vermelho,0.96875,1.97882588888
2,1,800,7000,0.4,sem,24.0,0.5,amarelo,0.0,20.9118807957
2,1,800,7000,0.4,sem,24.0,0.5,azul,0.908045977011,20.6037153009
2,1,800,7000,0.4,sem,24.0,0.5,vermelho,0.1875,18.9898960851
2,1,800,7000,0.4,campo,24.0,0.5,amarelo,0.0,0.321129730016
2,1,800,7000,0.4,campo,24.0,0.5,azul,0.908045977011,0.186389569593
2,1,800,7000,0.4,campo,24.0,0.5,vermelho,0.1875,0.292972328239
2,1,800,7000,1.0,sem,24.0,0.5,amarelo,0.0,1.34125420614
2,1,800,7000,1.0,sem,24.0,0.5,azul,0.992337164751,1.3670768149
2,1,800,7000,1.0,sem,24.0,0.5,vermelho,0.1875,1.20390183347
2,1,800,7000,1.0,campo,24.0,0.5,amarelo,0.0,0.0
2,1,800,7000,1.0,campo,24.0,0.5,azul,0.992337164751,0.0
2,1,800,7000,1.0,campo,24.0,0.5,vermelho,0.1875,0.207317902562
2,1,800,7000,1.5,sem,24.0,0.5,amarelo,0.937179487179,8.95326937055
2,1,800,7000,1.5,sem,24.0,0.5,azul,1.0,
2,1,800,7000,1.5,sem,24.0,0.5,vermelho,0.96875,8.15562450002
2,1,800,7000,1.5,campo,24.0,0.5,amarelo,0.937179487179,3.81812257917
2,1,800,7000,1.5,campo,24.0,0.5,azul,1.0,
2,1,800,7000,1.5,campo,24.0,0.5,vermelho,0.96875,4.26949347091
2,1,800,8000,0.4,sem,24.0,0.5,amarelo,0.0,21.5130946433
2,1,800,8000,0.4,sem,24.0,0.5,azul,0.908045977011,20.3976192466
2,1,800,8000,0.4,sem,24.0,0.5,vermelho,0.1875,20.0424448323
2,1,800,8000,0.4,campo,24.0,0.5,amarelo,0.0,0.352745719602
2,1,800,8000,0.4,campo,24.0,0.5,azul,0.908045977011,0.183177122083
2,1,800,8000,0.4,campo,24.0,0.5,vermelho,0.1875,0.438756956944
2,1,800,8000,1.0,sem,24.0,0.5,amarelo,0.0,3.48176330685
2,1,800,8000,1.0,sem,24.0,0.5,azul,1.0,
2,1,800,8000,1.0,sem,24.0,0.5,vermelho,0.1875,3.47912739774
2,1,800,8000,1.0,campo,24.0,0.5,amarelo,0.0,0.164937572814
2,1,800,8000,1.0,campo,24.0,0.5,azul,1.0,
2,1,800,8000,1.0,campo,24.0,0.5,vermelho,0.1875,0.430144897449
2,1,800,8000,1.5,sem,24.0,0.5,amarelo,0.916666666667,9.14993892792
2,1,800,8000,1.5,sem,24.0,0.5,azul,1.0,
2,1,800,8000,1.5,sem,24.0,0.5,vermelho,0.96875,7.29375937628
2,1,800,8000,1.5,campo,24.0,0.5,amarelo,0.916666666667,4.44483612058
2,1,800,8000,1.5,campo,24.0,0.5,azul,1.0,
2,1,800,8000,1.5,campo,24.0,0.5,vermelho,0.96875,5.42808521608
